회사명,거래소코드,회계년도,종가(원),액면가(원)
테크엘,064520,2017/12/26,1535,500
테크엘,064520,2017/12/27,1575,500
테크엘,064520,2017/12/28,1580,500
테크윙,089030,2017/12/26,20100,500
테크윙,089030,2017/12/27,20400,500
테크윙,089030,2017/12/28,20550,500
텔레칩스,054450,2017/12/26,12000,500
텔레칩스,054450,2017/12/27,12400,500
텔레칩스,054450,2017/12/28,11750,500
텔레필드,091440,2017/12/26,2780,500
텔레필드,091440,2017/12/27,2955,500
텔레필드,091440,2017/12/28,2960,500
텔코웨어 보통주,078000,2017/12/26,12350,500
텔코웨어 보통주,078000,2017/12/27,12000,500
텔코웨어 보통주,078000,2017/12/28,12050,500
텔콘알에프제약,200230,2017/12/26,13400,100
텔콘알에프제약,200230,2017/12/27,14500,100
텔콘알에프제약,200230,2017/12/28,14900,100
토니모리보통주,214420,2017/12/26,17600,200
토니모리보통주,214420,2017/12/27,17550,200
토니모리보통주,214420,2017/12/28,17700,200
토박스코리아,215480,2017/12/26,1575,100
토박스코리아,215480,2017/12/27,1575,100
토박스코리아,215480,2017/12/28,1570,100
토비스,051360,2017/12/26,7790,500
토비스,051360,2017/12/27,7820,500
토비스,051360,2017/12/28,7860,500
토탈소프트뱅크,045340,2017/12/26,3350,500
토탈소프트뱅크,045340,2017/12/27,3300,500
토탈소프트뱅크,045340,2017/12/28,3350,500
톱텍,108230,2017/12/26,26450,500
톱텍,108230,2017/12/27,28500,500
톱텍,108230,2017/12/28,28500,500
투비소프트,079970,2017/12/26,7640,500
투비소프트,079970,2017/12/27,8080,500
투비소프트,079970,2017/12/28,8140,500
트레이스,052290,2017/12/26,2190,500
트레이스,052290,2017/12/27,2350,500
트레이스,052290,2017/12/28,2335,500
트루윈,105550,2017/12/26,4560,500
트루윈,105550,2017/12/27,4560,500
트루윈,105550,2017/12/28,4540,500
특수건설,026150,2017/12/26,3785,500
특수건설,026150,2017/12/27,3810,500
특수건설,026150,2017/12/28,3860,500
티비씨,033830,2017/12/26,631,500
티비씨,033830,2017/12/27,630,500
티비씨,033830,2017/12/28,645,500
티사이언티픽,057680,2017/12/26,7560,500
티사이언티픽,057680,2017/12/27,9150,500
티사이언티픽,057680,2017/12/28,7400,500
티씨케이,064760,2017/12/26,74000,500
티씨케이,064760,2017/12/27,74500,500
티씨케이,064760,2017/12/28,77000,500
티에스넥스젠,043220,2017/12/26,1200,500
티에스넥스젠,043220,2017/12/27,1215,500
티에스넥스젠,043220,2017/12/28,1185,500
티에스이,131290,2017/12/26,16050,500
티에스이,131290,2017/12/27,16350,500
티에스이,131290,2017/12/28,16700,500
티에스인베스트먼트,246690,2017/12/26,3010,500
티에스인베스트먼트,246690,2017/12/27,3100,500
티에스인베스트먼트,246690,2017/12/28,3080,500
티에이치엔보통주,019180,2017/12/26,1770,500
티에이치엔보통주,019180,2017/12/27,1675,500
티에이치엔보통주,019180,2017/12/28,1710,500
티엘아이,062860,2017/12/26,5530,500
티엘아이,062860,2017/12/27,5500,500
티엘아이,062860,2017/12/28,5500,500
티와이엠보통주,002900,2017/12/26,1600,500
티와이엠보통주,002900,2017/12/27,1590,500
티와이엠보통주,002900,2017/12/28,1630,500
티웨이홀딩스보통주,004870,2017/12/26,3450,500
티웨이홀딩스보통주,004870,2017/12/27,3470,500
티웨이홀딩스보통주,004870,2017/12/28,3495,500
티제이미디어,032540,2017/12/26,4555,500
티제이미디어,032540,2017/12/27,4570,500
티제이미디어,032540,2017/12/28,4600,500
티케이지애강,022220,2017/12/26,2700,500
티케이지애강,022220,2017/12/27,2700,500
티케이지애강,022220,2017/12/28,2695,500
티케이지휴켐스보통주,069260,2017/12/26,25150,1000
티케이지휴켐스보통주,069260,2017/12/27,24550,1000
티케이지휴켐스보통주,069260,2017/12/28,24550,1000
티케이케미칼,104480,2017/12/26,1880,500
티케이케미칼,104480,2017/12/27,1920,500
티케이케미칼,104480,2017/12/28,1955,500
티플랙스,081150,2017/12/26,1755,500
티플랙스,081150,2017/12/27,1760,500
티플랙스,081150,2017/12/28,1760,500
티피씨,130740,2017/12/26,2665,500
티피씨,130740,2017/12/27,2695,500
티피씨,130740,2017/12/28,2700,500
티피씨메카트로닉스,048770,2017/12/26,6000,500
티피씨메카트로닉스,048770,2017/12/27,6110,500
티피씨메카트로닉스,048770,2017/12/28,6180,500
팅크웨어,084730,2017/12/26,10200,500
팅크웨어,084730,2017/12/27,10300,500
팅크웨어,084730,2017/12/28,10250,500
파나진,046210,2017/12/26,7820,500
파나진,046210,2017/12/27,8400,500
파나진,046210,2017/12/28,8480,500
파나케이아,058530,2017/12/26,792,500
파나케이아,058530,2017/12/27,903,500
파나케이아,058530,2017/12/28,840,500
파라다이스,034230,2017/12/26,21550,500
파라다이스,034230,2017/12/27,22250,500
파라다이스,034230,2017/12/28,22300,500
파라텍,033540,2017/12/26,4510,500
파라텍,033540,2017/12/27,4385,500
파라텍,033540,2017/12/28,4440,500
파루,043200,2017/12/26,3705,500
파루,043200,2017/12/27,3850,500
파루,043200,2017/12/28,3915,500
파마리서치,214450,2017/12/26,57900,500
파마리서치,214450,2017/12/27,58400,500
파마리서치,214450,2017/12/28,58900,500
파미셀보통주,005690,2017/12/26,5370,500
파미셀보통주,005690,2017/12/27,5580,500
파미셀보통주,005690,2017/12/28,5700,500
파버나인,177830,2017/12/26,5530,500
파버나인,177830,2017/12/27,5570,500
파버나인,177830,2017/12/28,5530,500
파세코,037070,2017/12/26,5820,500
파세코,037070,2017/12/27,5900,500
파세코,037070,2017/12/28,5950,500
파수,150900,2017/12/26,5280,500
파수,150900,2017/12/27,5270,500
파수,150900,2017/12/28,5360,500
파워로직스,047310,2017/12/26,6140,500
파워로직스,047310,2017/12/27,6070,500
파워로직스,047310,2017/12/28,6030,500
파이오링크,170790,2017/12/26,5790,500
파이오링크,170790,2017/12/27,5970,500
파이오링크,170790,2017/12/28,5980,500
파인디앤씨,049120,2017/12/26,3250,500
파인디앤씨,049120,2017/12/27,3240,500
파인디앤씨,049120,2017/12/28,3365,500
파인디지털,038950,2017/12/26,5120,500
파인디지털,038950,2017/12/27,5250,500
파인디지털,038950,2017/12/28,5270,500
파인테크닉스,106240,2017/12/26,2430,500
파인테크닉스,106240,2017/12/27,2480,500
파인테크닉스,106240,2017/12/28,2490,500
파인텍,131760,2017/12/26,5240,500
파인텍,131760,2017/12/27,5330,500
파인텍,131760,2017/12/28,5350,500
파커스,065690,2017/12/26,3325,500
파커스,065690,2017/12/27,3315,500
파커스,065690,2017/12/28,3280,500
파크시스템스,140860,2017/12/26,27050,500
파크시스템스,140860,2017/12/27,29950,500
파크시스템스,140860,2017/12/28,30100,500
파트론,091700,2017/12/26,9820,500
파트론,091700,2017/12/27,9700,500
파트론,091700,2017/12/28,9440,500
파티게임즈,194510,2017/12/26,9530,500
파티게임즈,194510,2017/12/27,10050,500
파티게임즈,194510,2017/12/28,10000,500
팍스넷,038160,2017/12/26,10000,500
팍스넷,038160,2017/12/27,10500,500
팍스넷,038160,2017/12/28,9500,500
팜스코보통주,036580,2017/12/26,11900,500
팜스코보통주,036580,2017/12/27,11750,500
팜스코보통주,036580,2017/12/28,11600,500
팜스토리,027710,2017/12/26,1305,500
팜스토리,027710,2017/12/27,1310,500
팜스토리,027710,2017/12/28,1325,500
팜젠사이언스보통주,004720,2017/12/26,10750,500
팜젠사이언스보통주,004720,2017/12/27,11100,500
팜젠사이언스보통주,004720,2017/12/28,11450,500
패션플랫폼,225590,2017/12/26,1840,100
패션플랫폼,225590,2017/12/27,1845,100
패션플랫폼,225590,2017/12/28,1945,100
팬스타엔터프라이즈,054300,2017/12/26,835,500
팬스타엔터프라이즈,054300,2017/12/27,834,500
팬스타엔터프라이즈,054300,2017/12/28,812,500
팬엔터테인먼트,068050,2017/12/26,4200,500
팬엔터테인먼트,068050,2017/12/27,4180,500
팬엔터테인먼트,068050,2017/12/28,4180,500
팬오션보통주,028670,2017/12/26,4915,1000
팬오션보통주,028670,2017/12/27,5190,1000
팬오션보통주,028670,2017/12/28,5270,1000
팬젠,222110,2017/12/26,14450,500
팬젠,222110,2017/12/27,14650,500
팬젠,222110,2017/12/28,14800,500
퍼스텍보통주,010820,2017/12/26,3200,500
퍼스텍보통주,010820,2017/12/27,3205,500
퍼스텍보통주,010820,2017/12/28,3300,500
퍼시스보통주,016800,2017/12/26,33100,1000
퍼시스보통주,016800,2017/12/27,33300,1000
퍼시스보통주,016800,2017/12/28,33000,1000
펄어비스,263750,2017/12/26,228900,500
펄어비스,263750,2017/12/27,250000,500
펄어비스,263750,2017/12/28,247600,500
페이퍼코리아보통주,001020,2017/12/26,1195,500
페이퍼코리아보통주,001020,2017/12/27,1220,500
페이퍼코리아보통주,001020,2017/12/28,1230,500
펩트론,087010,2017/12/26,61000,500
펩트론,087010,2017/12/27,64900,500
펩트론,087010,2017/12/28,66000,500
평화산업 주식회사 보통주,090080,2017/12/26,1450,500
평화산업 주식회사 보통주,090080,2017/12/27,1445,500
평화산업 주식회사 보통주,090080,2017/12/28,1435,500
평화홀딩스보통주,010770,2017/12/26,3460,500
평화홀딩스보통주,010770,2017/12/27,3455,500
평화홀딩스보통주,010770,2017/12/28,3435,500
포메탈,119500,2017/12/26,3605,500
포메탈,119500,2017/12/27,3730,500
포메탈,119500,2017/12/28,3765,500
포스코스틸리온보통주,058430,2017/12/26,28600,5000
포스코스틸리온보통주,058430,2017/12/27,28450,5000
포스코스틸리온보통주,058430,2017/12/28,28500,5000
포스코아이씨티,022100,2017/12/26,8050,500
포스코아이씨티,022100,2017/12/27,8350,500
포스코아이씨티,022100,2017/12/28,8350,500
포스코엠텍,009520,2017/12/26,2225,500
포스코엠텍,009520,2017/12/27,2270,500
포스코엠텍,009520,2017/12/28,2290,500
포스코인터내셔널보통주,047050,2017/12/26,18050,5000
포스코인터내셔널보통주,047050,2017/12/27,17850,5000
포스코인터내셔널보통주,047050,2017/12/28,18150,5000
포스코켐텍,003670,2017/12/26,37500,500
포스코켐텍,003670,2017/12/27,38200,500
포스코켐텍,003670,2017/12/28,39800,500
포스코홀딩스보통주,005490,2017/12/26,339500,5000
포스코홀딩스보통주,005490,2017/12/27,334500,5000
포스코홀딩스보통주,005490,2017/12/28,332500,5000
포인트엔지니어링,256630,2017/12/26,1955,100
포인트엔지니어링,256630,2017/12/27,1950,100
포인트엔지니어링,256630,2017/12/28,1950,100
폴라리스세원,234100,2017/12/26,8020,500
폴라리스세원,234100,2017/12/27,8190,500
폴라리스세원,234100,2017/12/28,8200,500
폴라리스오피스,041020,2017/12/26,1325,500
폴라리스오피스,041020,2017/12/27,1410,500
폴라리스오피스,041020,2017/12/28,1375,500
폴라리스우노,114630,2017/12/26,6010,500
폴라리스우노,114630,2017/12/27,5800,500
폴라리스우노,114630,2017/12/28,5750,500
폴루스바이오팜보통주,007630,2017/12/26,8690,500
폴루스바이오팜보통주,007630,2017/12/27,8860,500
폴루스바이오팜보통주,007630,2017/12/28,9200,500
푸드웰,005670,2017/12/26,4830,500
푸드웰,005670,2017/12/27,4825,500
푸드웰,005670,2017/12/28,4865,500
푸른기술,094940,2017/12/26,5420,500
푸른기술,094940,2017/12/27,5500,500
푸른기술,094940,2017/12/28,5570,500
푸른상호저축은행,007330,2017/12/26,7730,1000
푸른상호저축은행,007330,2017/12/27,7300,1000
푸른상호저축은행,007330,2017/12/28,7200,1000
풀무원보통주,017810,2017/12/26,159000,5000
풀무원보통주,017810,2017/12/27,162000,5000
풀무원보통주,017810,2017/12/28,172000,5000
풍국주정공업,023900,2017/12/26,14350,500
풍국주정공업,023900,2017/12/27,14400,500
풍국주정공업,023900,2017/12/28,13950,500
풍산 보통주,103140,2017/12/26,46500,5000
풍산 보통주,103140,2017/12/27,46600,5000
풍산 보통주,103140,2017/12/28,47500,5000
풍산홀딩스보통주,005810,2017/12/26,52300,5000
풍산홀딩스보통주,005810,2017/12/27,52200,5000
풍산홀딩스보통주,005810,2017/12/28,52500,5000
퓨전,195440,2017/12/26,7030,500
퓨전,195440,2017/12/27,7350,500
퓨전,195440,2017/12/28,7020,500
퓨쳐켐,220100,2017/12/26,17450,500
퓨쳐켐,220100,2017/12/27,18350,500
퓨쳐켐,220100,2017/12/28,18400,500
프럼파스트,035200,2017/12/26,5240,500
프럼파스트,035200,2017/12/27,4730,500
프럼파스트,035200,2017/12/28,4800,500
프로스테믹스,203690,2017/12/26,6690,100
프로스테믹스,203690,2017/12/27,6930,100
프로스테믹스,203690,2017/12/28,7150,100
프로텍,053610,2017/12/26,19500,500
프로텍,053610,2017/12/27,20500,500
프로텍,053610,2017/12/28,20300,500
프리엠스,053160,2017/12/26,8100,500
프리엠스,053160,2017/12/27,8340,500
프리엠스,053160,2017/12/28,8600,500
플래스크,041590,2017/12/26,4250,500
플래스크,041590,2017/12/27,4635,500
플래스크,041590,2017/12/28,4795,500
플랜티넷,075130,2017/12/26,5260,500
플랜티넷,075130,2017/12/27,5210,500
플랜티넷,075130,2017/12/28,5220,500
플레이그램보통주,009810,2017/12/26,554,500
플레이그램보통주,009810,2017/12/27,545,500
플레이그램보통주,009810,2017/12/28,523,500
플레이위드,023770,2017/12/26,7610,500
플레이위드,023770,2017/12/27,7500,500
플레이위드,023770,2017/12/28,7740,500
피델릭스,032580,2017/12/26,1920,500
피델릭스,032580,2017/12/27,1930,500
피델릭스,032580,2017/12/28,1995,500
피씨디렉트,051380,2017/12/26,4320,500
피씨디렉트,051380,2017/12/27,4310,500
피씨디렉트,051380,2017/12/28,4275,500
피씨엘,241820,2017/12/26,15900,500
피씨엘,241820,2017/12/27,16100,500
피씨엘,241820,2017/12/28,17350,500
피아이첨단소재,178920,2017/12/26,51700,500
피아이첨단소재,178920,2017/12/27,51300,500
피아이첨단소재,178920,2017/12/28,47250,500
피앤씨테크,237750,2017/12/26,8130,500
피앤씨테크,237750,2017/12/27,8100,500
피앤씨테크,237750,2017/12/28,8320,500
피에스케이홀딩스,031980,2017/12/26,25150,500
피에스케이홀딩스,031980,2017/12/27,25500,500
피에스케이홀딩스,031980,2017/12/28,25750,500
피에스텍,002230,2017/12/26,5090,500
피에스텍,002230,2017/12/27,5160,500
피에스텍,002230,2017/12/28,5210,500
피에이치씨,057880,2017/12/26,1610,500
피에이치씨,057880,2017/12/27,1675,500
피에이치씨,057880,2017/12/28,1675,500
피에이치에이,043370,2017/12/26,10600,500
피에이치에이,043370,2017/12/27,10650,500
피에이치에이,043370,2017/12/28,10500,500
피엔티,137400,2017/12/26,13150,500
피엔티,137400,2017/12/27,13650,500
피엔티,137400,2017/12/28,13650,500
피엔풍년,024940,2017/12/26,2695,500
피엔풍년,024940,2017/12/27,2680,500
피엔풍년,024940,2017/12/28,2690,500
피제이메탈,128660,2017/12/26,2160,500
피제이메탈,128660,2017/12/27,2120,500
피제이메탈,128660,2017/12/28,2115,500
피제이전자,006140,2017/12/26,7810,500
피제이전자,006140,2017/12/27,7790,500
피제이전자,006140,2017/12/28,7770,500
픽셀플러스,087600,2017/12/26,9750,500
픽셀플러스,087600,2017/12/27,9990,500
픽셀플러스,087600,2017/12/28,10000,500
필옵틱스,161580,2017/12/26,33800,500
필옵틱스,161580,2017/12/27,34800,500
필옵틱스,161580,2017/12/28,35100,500
하나금융지주보통주,086790,2017/12/26,51400,5000
하나금융지주보통주,086790,2017/12/27,50100,5000
하나금융지주보통주,086790,2017/12/28,49800,5000
하나마이크론,067310,2017/12/26,5330,500
하나마이크론,067310,2017/12/27,5280,500
하나마이크론,067310,2017/12/28,5360,500
하나머티리얼즈,166090,2017/12/26,33800,500
하나머티리얼즈,166090,2017/12/27,35650,500
하나머티리얼즈,166090,2017/12/28,37000,500
하나투어보통주,039130,2017/12/26,98100,500
하나투어보통주,039130,2017/12/27,102500,500
하나투어보통주,039130,2017/12/28,103000,500
하림,136480,2017/12/26,3095,500
하림,136480,2017/12/27,3055,500
하림,136480,2017/12/28,3120,500
하림지주,003380,2017/12/26,16850,100
하림지주,003380,2017/12/27,16950,100
하림지주,003380,2017/12/28,16850,100
하림홀딩스,024660,2017/12/26,3685,500
하림홀딩스,024660,2017/12/27,3700,500
하림홀딩스,024660,2017/12/28,3710,500
하이드로리튬,101670,2017/12/26,1670,200
하이드로리튬,101670,2017/12/27,1625,200
하이드로리튬,101670,2017/12/28,1635,200
하이로닉,149980,2017/12/26,4650,100
하이로닉,149980,2017/12/27,4650,100
하이로닉,149980,2017/12/28,4790,100
하이록코리아,013030,2017/12/26,22700,500
하이록코리아,013030,2017/12/27,22650,500
하이록코리아,013030,2017/12/28,22500,500
하이비젼시스템,126700,2017/12/26,12300,500
하이비젼시스템,126700,2017/12/27,12550,500
하이비젼시스템,126700,2017/12/28,13000,500
하이소닉,106080,2017/12/26,533,200
하이소닉,106080,2017/12/27,536,200
하이소닉,106080,2017/12/28,525,200
하이스틸 보통주,071090,2017/12/26,22000,5000
하이스틸 보통주,071090,2017/12/27,22050,5000
하이스틸 보통주,071090,2017/12/28,22400,5000
하이에이아이1호기업인수목적,235010,2017/12/26,1985,100
하이에이아이1호기업인수목적,235010,2017/12/27,1975,100
하이에이아이1호기업인수목적,235010,2017/12/28,1985,100
하이즈항공,221840,2017/12/26,7120,500
하이즈항공,221840,2017/12/27,7000,500
하이즈항공,221840,2017/12/28,7100,500
하이텍팜,106190,2017/12/26,11200,500
하이텍팜,106190,2017/12/27,11300,500
하이텍팜,106190,2017/12/28,11800,500
하이트론씨스템즈보통주,019490,2017/12/26,4070,2500
하이트론씨스템즈보통주,019490,2017/12/27,4140,2500
하이트론씨스템즈보통주,019490,2017/12/28,4155,2500
하이트진로보통주,000080,2017/12/26,24350,5000
하이트진로보통주,000080,2017/12/27,24250,5000
하이트진로보통주,000080,2017/12/28,24100,5000
하이트진로홀딩스보통주,000140,2017/12/26,10000,5000
하이트진로홀딩스보통주,000140,2017/12/27,10000,5000
하이트진로홀딩스보통주,000140,2017/12/28,10100,5000
하츠,066130,2017/12/26,4625,500
하츠,066130,2017/12/27,4615,500
하츠,066130,2017/12/28,4745,500
한국가구,004590,2017/12/26,35850,1000
한국가구,004590,2017/12/27,35500,1000
한국가구,004590,2017/12/28,35600,1000
한국가스공사보통주,036460,2017/12/26,42150,5000
한국가스공사보통주,036460,2017/12/27,41700,5000
한국가스공사보통주,036460,2017/12/28,42550,5000
한국경제티브이,039340,2017/12/26,3840,500
한국경제티브이,039340,2017/12/27,3850,500
한국경제티브이,039340,2017/12/28,3800,500
한국공항보통주,005430,2017/12/26,53300,5000
한국공항보통주,005430,2017/12/27,52300,5000
한국공항보통주,005430,2017/12/28,52800,5000
한국기업평가,034950,2017/12/26,53500,5000
한국기업평가,034950,2017/12/27,53100,5000
한국기업평가,034950,2017/12/28,54100,5000
한국내화보통주,010040,2017/12/26,3010,500
한국내화보통주,010040,2017/12/27,3010,500
한국내화보통주,010040,2017/12/28,3015,500
한국단자공업보통주,025540,2017/12/26,69000,500
한국단자공업보통주,025540,2017/12/27,66900,500
한국단자공업보통주,025540,2017/12/28,66900,500
한국맥널티,222980,2017/12/26,13400,500
한국맥널티,222980,2017/12/27,13200,500
한국맥널티,222980,2017/12/28,13100,500
한국비엔씨,256840,2017/12/26,1980,100
한국비엔씨,256840,2017/12/27,1965,100
한국비엔씨,256840,2017/12/28,1965,100
한국석유공업보통주,004090,2017/12/26,98500,5000
한국석유공업보통주,004090,2017/12/27,97800,5000
한국석유공업보통주,004090,2017/12/28,96500,5000
한국선재,025550,2017/12/26,2905,500
한국선재,025550,2017/12/27,2820,500
한국선재,025550,2017/12/28,2790,500
한국수출포장공업보통주,002200,2017/12/26,16050,5000
한국수출포장공업보통주,002200,2017/12/27,16050,5000
한국수출포장공업보통주,002200,2017/12/28,15650,5000
한국쉘석유보통주,002960,2017/12/26,402000,5000
한국쉘석유보통주,002960,2017/12/27,386000,5000
한국쉘석유보통주,002960,2017/12/28,384000,5000
한국알콜산업,017890,2017/12/26,7190,500
한국알콜산업,017890,2017/12/27,7130,500
한국알콜산업,017890,2017/12/28,7050,500
한국앤컴퍼니보통주,000240,2017/12/26,18650,500
한국앤컴퍼니보통주,000240,2017/12/27,18550,500
한국앤컴퍼니보통주,000240,2017/12/28,18900,500
한국유나이티드제약 보통주,033270,2017/12/26,28900,500
한국유나이티드제약 보통주,033270,2017/12/27,29300,500
한국유나이티드제약 보통주,033270,2017/12/28,30450,500
한국유리공업보통주,002000,2017/12/26,34150,5000
한국유리공업보통주,002000,2017/12/27,33450,5000
한국유리공업보통주,002000,2017/12/28,34000,5000
한국자산신탁보통주,123890,2017/12/26,8100,500
한국자산신탁보통주,123890,2017/12/27,7330,500
한국자산신탁보통주,123890,2017/12/28,7390,500
한국전력공사보통주,015760,2017/12/26,39100,5000
한국전력공사보통주,015760,2017/12/27,38400,5000
한국전력공사보통주,015760,2017/12/28,38150,5000
한국전력기술 보통주,052690,2017/12/26,23850,200
한국전력기술 보통주,052690,2017/12/27,23900,200
한국전력기술 보통주,052690,2017/12/28,23800,200
한국전자금융,063570,2017/12/26,12900,500
한국전자금융,063570,2017/12/27,13000,500
한국전자금융,063570,2017/12/28,12400,500
한국전자인증,041460,2017/12/26,6270,500
한국전자인증,041460,2017/12/27,6430,500
한국전자인증,041460,2017/12/28,6490,500
한국전자홀딩스보통주,006200,2017/12/26,797,500
한국전자홀딩스보통주,006200,2017/12/27,800,500
한국전자홀딩스보통주,006200,2017/12/28,807,500
한국정밀기계,101680,2017/12/26,2250,500
한국정밀기계,101680,2017/12/27,2215,500
한국정밀기계,101680,2017/12/28,2295,500
한국정보공학,039740,2017/12/26,3935,500
한국정보공학,039740,2017/12/27,3935,500
한국정보공학,039740,2017/12/28,3995,500
한국정보인증,053300,2017/12/26,5610,500
한국정보인증,053300,2017/12/27,5700,500
한국정보인증,053300,2017/12/28,5670,500
한국정보통신,025770,2017/12/26,12450,500
한국정보통신,025770,2017/12/27,12400,500
한국정보통신,025770,2017/12/28,12150,500
한국제4호기업인수목적,240540,2017/12/26,1975,100
한국제4호기업인수목적,240540,2017/12/27,1975,100
한국제4호기업인수목적,240540,2017/12/28,1975,100
한국제5호기업인수목적,271740,2017/12/26,1980,100
한국제5호기업인수목적,271740,2017/12/27,2000,100
한국제5호기업인수목적,271740,2017/12/28,2000,100
한국제6호기업인수목적,281410,2017/12/26,1965,100
한국제6호기업인수목적,281410,2017/12/27,1960,100
한국제6호기업인수목적,281410,2017/12/28,1965,100
한국제지보통주,002300,2017/12/26,22700,5000
한국제지보통주,002300,2017/12/27,22350,5000
한국제지보통주,002300,2017/12/28,22400,5000
한국조선해양보통주,009540,2017/12/26,136000,5000
한국조선해양보통주,009540,2017/12/27,96900,5000
한국조선해양보통주,009540,2017/12/28,100500,5000
한국종합기술보통주,023350,2017/12/26,5130,500
한국종합기술보통주,023350,2017/12/27,5040,500
한국종합기술보통주,023350,2017/12/28,5140,500
한국주강보통주,025890,2017/12/26,2285,500
한국주강보통주,025890,2017/12/27,2280,500
한국주강보통주,025890,2017/12/28,2260,500
한국주철관공업보통주,000970,2017/12/26,9030,500
한국주철관공업보통주,000970,2017/12/27,8960,500
한국주철관공업보통주,000970,2017/12/28,8970,500
한국철강보통주,104700,2017/12/26,37800,5000
한국철강보통주,104700,2017/12/27,37100,5000
한국철강보통주,104700,2017/12/28,37750,5000
한국카본보통주,017960,2017/12/26,5340,500
한국카본보통주,017960,2017/12/27,5340,500
한국카본보통주,017960,2017/12/28,5360,500
한국캐피탈,023760,2017/12/26,633,500
한국캐피탈,023760,2017/12/27,627,500
한국캐피탈,023760,2017/12/28,617,500
한국컴퓨터,054040,2017/12/26,5450,500
한국컴퓨터,054040,2017/12/27,5480,500
한국컴퓨터,054040,2017/12/28,5540,500
한국콜마보통주,161890,2017/12/26,81400,500
한국콜마보통주,161890,2017/12/27,81000,500
한국콜마보통주,161890,2017/12/28,82000,500
한국콜마홀딩스보통주,024720,2017/12/26,39400,500
한국콜마홀딩스보통주,024720,2017/12/27,39800,500
한국콜마홀딩스보통주,024720,2017/12/28,40800,500
한국큐빅,021650,2017/12/26,2410,500
한국큐빅,021650,2017/12/27,2450,500
한국큐빅,021650,2017/12/28,2440,500
한국타이어앤테크놀로지보통주,161390,2017/12/26,55100,500
한국타이어앤테크놀로지보통주,161390,2017/12/27,54200,500
한국타이어앤테크놀로지보통주,161390,2017/12/28,54600,500
한국테크놀로지,053590,2017/12/26,2420,500
한국테크놀로지,053590,2017/12/27,2435,500
한국테크놀로지,053590,2017/12/28,2450,500
한국토지신탁보통주,034830,2017/12/26,3205,1000
한국토지신탁보통주,034830,2017/12/27,3165,1000
한국토지신탁보통주,034830,2017/12/28,3130,1000
한국투자 KINDEX S&P아시아TOP50증권상장지수투자신탁(주식),277540,2017/12/26,10340,0
한국투자 KINDEX S&P아시아TOP50증권상장지수투자신탁(주식),277540,2017/12/27,10350,0
한국투자 KINDEX S&P아시아TOP50증권상장지수투자신탁(주식),277540,2017/12/28,10435,0
한국투자 KINDEX 다우존스 미국 리츠부동산 상장지수투자신탁(파생형)(합성 H),181480,2017/12/26,68590,0
한국투자 KINDEX 다우존스 미국 리츠부동산 상장지수투자신탁(파생형)(합성 H),181480,2017/12/27,69115,0
한국투자 KINDEX 다우존스 미국 리츠부동산 상장지수투자신탁(파생형)(합성 H),181480,2017/12/28,69175,0
한국투자 KINDEX 단기자금 증권 상장지수투자신탁(채권),190620,2017/12/26,101320,0
한국투자 KINDEX 단기자금 증권 상장지수투자신탁(채권),190620,2017/12/27,100090,0
한국투자 KINDEX 단기자금 증권 상장지수투자신탁(채권),190620,2017/12/28,100095,0
한국투자 KINDEX 러시아MSCI증권상장지수투자신탁(주식-파생형)(합성),265690,2017/12/26,20615,0
한국투자 KINDEX 러시아MSCI증권상장지수투자신탁(주식-파생형)(합성),265690,2017/12/27,20720,0
한국투자 KINDEX 러시아MSCI증권상장지수투자신탁(주식-파생형)(합성),265690,2017/12/28,20665,0
한국투자 KINDEX 레버리지 증권상장지수투자신탁(주식-파생형),152500,2017/12/26,6510,0
한국투자 KINDEX 레버리지 증권상장지수투자신탁(주식-파생형),152500,2017/12/27,6640,0
한국투자 KINDEX 레버리지 증권상장지수투자신탁(주식-파생형),152500,2017/12/28,6815,0
한국투자 KINDEX 미국IT인터넷증권상장지수투자신탁(주식-파생형)(합성 H),280320,2017/12/26,10350,0
한국투자 KINDEX 미국IT인터넷증권상장지수투자신탁(주식-파생형)(합성 H),280320,2017/12/27,10335,0
한국투자 KINDEX 미국IT인터넷증권상장지수투자신탁(주식-파생형)(합성 H),280320,2017/12/28,10395,0
한국투자 KINDEX 베트남VN30증권상장지수투자신탁(주식-파생형)(합성),245710,2017/12/26,13795,0
한국투자 KINDEX 베트남VN30증권상장지수투자신탁(주식-파생형)(합성),245710,2017/12/27,13940,0
한국투자 KINDEX 베트남VN30증권상장지수투자신탁(주식-파생형)(합성),245710,2017/12/28,13930,0
한국투자 KINDEX 인도네시아MSCI증권상장지수투자신탁(주식-파생형)(합성),256440,2017/12/26,10205,0
한국투자 KINDEX 인도네시아MSCI증권상장지수투자신탁(주식-파생형)(합성),256440,2017/12/27,10205,0
한국투자 KINDEX 인도네시아MSCI증권상장지수투자신탁(주식-파생형)(합성),256440,2017/12/28,10265,0
한국투자 KINDEX 인버스 증권 상장지수투자신탁(주식-파생형),145670,2017/12/26,7385,0
한국투자 KINDEX 인버스 증권 상장지수투자신탁(주식-파생형),145670,2017/12/27,7300,0
한국투자 KINDEX 인버스 증권 상장지수투자신탁(주식-파생형),145670,2017/12/28,7220,0
한국투자 KINDEX 일본 레버리지 증권 상장지수투자신탁(주식-재간접파생형)(H),196030,2017/12/26,19060,0
한국투자 KINDEX 일본 레버리지 증권 상장지수투자신탁(주식-재간접파생형)(H),196030,2017/12/27,19160,0
한국투자 KINDEX 일본 레버리지 증권 상장지수투자신탁(주식-재간접파생형)(H),196030,2017/12/28,18905,0
한국투자 KINDEX 일본Nikkei225증권상장지수투자신탁(주식-파생형)(H),238720,2017/12/26,14495,0
한국투자 KINDEX 일본Nikkei225증권상장지수투자신탁(주식-파생형)(H),238720,2017/12/27,14430,0
한국투자 KINDEX 일본Nikkei225증권상장지수투자신탁(주식-파생형)(H),238720,2017/12/28,14430,0
한국투자 KINDEX 일본인버스 증권 상장지수투자신탁(주식-파생형)(합성 H),205720,2017/12/26,5815,0
한국투자 KINDEX 일본인버스 증권 상장지수투자신탁(주식-파생형)(합성 H),205720,2017/12/27,5805,0
한국투자 KINDEX 일본인버스 증권 상장지수투자신탁(주식-파생형)(합성 H),205720,2017/12/28,5840,0
한국투자 KINDEX 중국본토 CSI300 증권 자상장지수투자신탁(주식-파생형),168580,2017/12/26,22705,0
한국투자 KINDEX 중국본토 CSI300 증권 자상장지수투자신탁(주식-파생형),168580,2017/12/27,22520,0
한국투자 KINDEX 중국본토 CSI300 증권 자상장지수투자신탁(주식-파생형),168580,2017/12/28,22620,0
한국투자 KINDEX 중장기국공채액티브증권상장지수투자신탁(채권),272910,2017/12/26,98465,0
한국투자 KINDEX 중장기국공채액티브증권상장지수투자신탁(채권),272910,2017/12/27,98390,0
한국투자 KINDEX 중장기국공채액티브증권상장지수투자신탁(채권),272910,2017/12/28,98470,0
한국투자 KINDEX 코스닥증권상장지수투자신탁(주식-파생형)(합성),251890,2017/12/26,11215,0
한국투자 KINDEX 코스닥증권상장지수투자신탁(주식-파생형)(합성),251890,2017/12/27,11565,0
한국투자 KINDEX 코스닥증권상장지수투자신탁(주식-파생형)(합성),251890,2017/12/28,11695,0
한국투자 KINDEX 필리핀MSCI증권상장지수투자신탁(주식-파생형)(합성),261920,2017/12/26,16430,0
한국투자 KINDEX 필리핀MSCI증권상장지수투자신탁(주식-파생형)(합성),261920,2017/12/27,16415,0
한국투자 KINDEX 필리핀MSCI증권상장지수투자신탁(주식-파생형)(합성),261920,2017/12/28,16540,0
한국투자KINDEX골드선물인버스2X특별자산증권상장지수투자신탁(합성 H),232590,2017/12/26,6260,0
한국투자KINDEX골드선물인버스2X특별자산증권상장지수투자신탁(합성 H),232590,2017/12/27,6205,0
한국투자KINDEX골드선물인버스2X특별자산증권상장지수투자신탁(합성 H),232590,2017/12/28,6105,0
한국투자KINDEX중국본토레버리지CSI300증권상장지수투자신탁(주식혼합-파생형)(합성),219900,2017/12/26,3875,0
한국투자KINDEX중국본토레버리지CSI300증권상장지수투자신탁(주식혼합-파생형)(합성),219900,2017/12/27,3875,0
한국투자KINDEX중국본토레버리지CSI300증권상장지수투자신탁(주식혼합-파생형)(합성),219900,2017/12/28,3870,0
한국투자금융지주보통주,071050,2017/12/26,69000,5000
한국투자금융지주보통주,071050,2017/12/27,67700,5000
한국투자금융지주보통주,071050,2017/12/28,69000,5000
한국특강보통주,007280,2017/12/26,2040,500
한국특강보통주,007280,2017/12/27,2060,500
한국특강보통주,007280,2017/12/28,2120,500
한국팩키지,037230,2017/12/26,2090,500
한국팩키지,037230,2017/12/27,2060,500
한국팩키지,037230,2017/12/28,2160,500
한국프랜지공업보통주,010100,2017/12/26,9890,5000
한국프랜지공업보통주,010100,2017/12/27,9900,5000
한국프랜지공업보통주,010100,2017/12/28,9900,5000
한국항공우주산업보통주,047810,2017/12/26,46100,5000
한국항공우주산업보통주,047810,2017/12/27,46700,5000
한국항공우주산업보통주,047810,2017/12/28,47450,5000
한국화장품보통주,123690,2017/12/26,16550,500
한국화장품보통주,123690,2017/12/27,16900,500
한국화장품보통주,123690,2017/12/28,17300,500
한국화장품제조보통주,003350,2017/12/26,45600,500
한국화장품제조보통주,003350,2017/12/27,46000,500
한국화장품제조보통주,003350,2017/12/28,48300,500
한글과컴퓨터,030520,2017/12/26,17750,500
한글과컴퓨터,030520,2017/12/27,17950,500
한글과컴퓨터,030520,2017/12/28,17950,500
한네트,052600,2017/12/26,3350,500
한네트,052600,2017/12/27,3295,500
한네트,052600,2017/12/28,3460,500
한농화성보통주,011500,2017/12/26,4205,500
한농화성보통주,011500,2017/12/27,4150,500
한농화성보통주,011500,2017/12/28,4175,500
한독보통주,002390,2017/12/26,29900,500
한독보통주,002390,2017/12/27,32650,500
한독보통주,002390,2017/12/28,33000,500
한라보통주,014790,2017/12/26,4025,5000
한라보통주,014790,2017/12/27,3920,5000
한라보통주,014790,2017/12/28,4075,5000
한라아이엠에스,092460,2017/12/26,6600,500
한라아이엠에스,092460,2017/12/27,6420,500
한라아이엠에스,092460,2017/12/28,6540,500
한라홀딩스보통주,060980,2017/12/26,65000,5000
한라홀딩스보통주,060980,2017/12/27,62700,5000
한라홀딩스보통주,060980,2017/12/28,62700,5000
한미글로벌건축사사무소보통주,053690,2017/12/26,9090,500
한미글로벌건축사사무소보통주,053690,2017/12/27,8960,500
한미글로벌건축사사무소보통주,053690,2017/12/28,8970,500
한미반도체보통주,042700,2017/12/26,11450,200
한미반도체보통주,042700,2017/12/27,11900,200
한미반도체보통주,042700,2017/12/28,11850,200
한미사이언스보통주,008930,2017/12/26,109000,500
한미사이언스보통주,008930,2017/12/27,110500,500
한미사이언스보통주,008930,2017/12/28,111000,500
한미약품보통주,128940,2017/12/26,575000,2500
한미약품보통주,128940,2017/12/27,581000,2500
한미약품보통주,128940,2017/12/28,584000,2500
한빛소프트,047080,2017/12/26,4105,500
한빛소프트,047080,2017/12/27,4295,500
한빛소프트,047080,2017/12/28,4340,500
한샘보통주,009240,2017/12/26,182000,1000
한샘보통주,009240,2017/12/27,179000,1000
한샘보통주,009240,2017/12/28,180000,1000
한섬보통주,020000,2017/12/26,31150,500
한섬보통주,020000,2017/12/27,31150,500
한섬보통주,020000,2017/12/28,31450,500
한성기업보통주,003680,2017/12/26,6570,5000
한성기업보통주,003680,2017/12/27,6570,5000
한성기업보통주,003680,2017/12/28,6550,5000
한세실업보통주,105630,2017/12/26,26650,500
한세실업보통주,105630,2017/12/27,27050,500
한세실업보통주,105630,2017/12/28,26950,500
한세엠케이보통주,069640,2017/12/26,12100,500
한세엠케이보통주,069640,2017/12/27,11850,500
한세엠케이보통주,069640,2017/12/28,11900,500
한세예스24홀딩스보통주,016450,2017/12/26,10850,500
한세예스24홀딩스보통주,016450,2017/12/27,10750,500
한세예스24홀딩스보통주,016450,2017/12/28,10750,500
한솔PNS보통주,010420,2017/12/26,1405,500
한솔PNS보통주,010420,2017/12/27,1430,500
한솔PNS보통주,010420,2017/12/28,1440,500
한솔넥스지,081970,2017/12/26,13900,500
한솔넥스지,081970,2017/12/27,13350,500
한솔넥스지,081970,2017/12/28,12150,500
한솔로지스틱스보통주,009180,2017/12/26,2060,500
한솔로지스틱스보통주,009180,2017/12/27,2050,500
한솔로지스틱스보통주,009180,2017/12/28,2050,500
한솔신텍,099660,2017/12/26,1015,500
한솔신텍,099660,2017/12/27,1010,500
한솔신텍,099660,2017/12/28,1015,500
한솔아이원스,114810,2017/12/26,11900,500
한솔아이원스,114810,2017/12/27,12250,500
한솔아이원스,114810,2017/12/28,12550,500
한솔인티큐브,070590,2017/12/26,2070,500
한솔인티큐브,070590,2017/12/27,2155,500
한솔인티큐브,070590,2017/12/28,2120,500
한솔제지보통주,213500,2017/12/26,14300,5000
한솔제지보통주,213500,2017/12/27,13950,5000
한솔제지보통주,213500,2017/12/28,14000,5000
한솔케미칼보통주,014680,2017/12/26,70900,5000
한솔케미칼보통주,014680,2017/12/27,71400,5000
한솔케미칼보통주,014680,2017/12/28,72500,5000
한솔테크닉스보통주,004710,2017/12/26,16650,5000
한솔테크닉스보통주,004710,2017/12/27,16550,5000
한솔테크닉스보통주,004710,2017/12/28,16700,5000
한솔홀딩스보통주,004150,2017/12/26,4635,5000
한솔홀딩스보통주,004150,2017/12/27,4505,5000
한솔홀딩스보통주,004150,2017/12/28,4565,5000
한솔홈데코보통주,025750,2017/12/26,1390,1000
한솔홈데코보통주,025750,2017/12/27,1395,1000
한솔홈데코보통주,025750,2017/12/28,1420,1000
한송네오텍,226440,2017/12/26,2055,100
한송네오텍,226440,2017/12/27,2055,100
한송네오텍,226440,2017/12/28,2055,100
한신공영보통주,004960,2017/12/26,21750,5000
한신공영보통주,004960,2017/12/27,22000,5000
한신공영보통주,004960,2017/12/28,22700,5000
한신기계공업보통주,011700,2017/12/26,3795,500
한신기계공업보통주,011700,2017/12/27,3815,500
한신기계공업보통주,011700,2017/12/28,3875,500
한양디지텍,078350,2017/12/26,3070,500
한양디지텍,078350,2017/12/27,3085,500
한양디지텍,078350,2017/12/28,3110,500
한양이엔지,045100,2017/12/26,13100,500
한양이엔지,045100,2017/12/27,13600,500
한양이엔지,045100,2017/12/28,13500,500
한양증권보통주,001750,2017/12/26,7820,5000
한양증권보통주,001750,2017/12/27,7680,5000
한양증권보통주,001750,2017/12/28,7720,5000
한온시스템보통주,018880,2017/12/26,13350,100
한온시스템보통주,018880,2017/12/27,13450,100
한온시스템보통주,018880,2017/12/28,13900,100
한올바이오파마보통주,009420,2017/12/26,21250,500
한올바이오파마보통주,009420,2017/12/27,22200,500
한올바이오파마보통주,009420,2017/12/28,24400,500
한익스프레스보통주,014130,2017/12/26,44800,5000
한익스프레스보통주,014130,2017/12/27,43700,5000
한익스프레스보통주,014130,2017/12/28,44400,5000
한일네트웍스,046110,2017/12/26,6450,500
한일네트웍스,046110,2017/12/27,6620,500
한일네트웍스,046110,2017/12/28,6670,500
한일단조공업,024740,2017/12/26,2635,500
한일단조공업,024740,2017/12/27,2350,500
한일단조공업,024740,2017/12/28,2410,500
한일사료,005860,2017/12/26,1925,500
한일사료,005860,2017/12/27,1900,500
한일사료,005860,2017/12/28,1990,500
한일진공,123840,2017/12/26,2770,100
한일진공,123840,2017/12/27,3170,100
한일진공,123840,2017/12/28,2830,100
한일철강보통주,002220,2017/12/26,26250,5000
한일철강보통주,002220,2017/12/27,26300,5000
한일철강보통주,002220,2017/12/28,26450,5000
한일현대시멘트보통주,006390,2017/12/26,14650,5000
한일현대시멘트보통주,006390,2017/12/27,14750,5000
한일현대시멘트보통주,006390,2017/12/28,15250,5000
한일홀딩스보통주,003300,2017/12/26,154000,5000
한일홀딩스보통주,003300,2017/12/27,146000,5000
한일홀딩스보통주,003300,2017/12/28,143000,5000
한일화학공업,007770,2017/12/26,11900,500
한일화학공업,007770,2017/12/27,11800,500
한일화학공업,007770,2017/12/28,12000,500
한전KPS 보통주,051600,2017/12/26,40650,200
한전KPS 보통주,051600,2017/12/27,39600,200
한전KPS 보통주,051600,2017/12/28,40600,200
한전산업개발보통주,130660,2017/12/26,4300,500
한전산업개발보통주,130660,2017/12/27,4135,500
한전산업개발보통주,130660,2017/12/28,4090,500
한진보통주,002320,2017/12/26,26000,5000
한진보통주,002320,2017/12/27,25950,5000
한진보통주,002320,2017/12/28,26000,5000
한진중공업홀딩스보통주,003480,2017/12/26,3880,5000
한진중공업홀딩스보통주,003480,2017/12/27,3880,5000
한진중공업홀딩스보통주,003480,2017/12/28,4030,5000
한진칼보통주,180640,2017/12/26,17800,2500
한진칼보통주,180640,2017/12/27,18150,2500
한진칼보통주,180640,2017/12/28,18300,2500
한창보통주,005110,2017/12/26,1635,500
한창보통주,005110,2017/12/27,1645,500
한창보통주,005110,2017/12/28,1705,500
한창산업,079170,2017/12/26,6060,500
한창산업,079170,2017/12/27,6010,500
한창산업,079170,2017/12/28,6160,500
한창제지보통주,009460,2017/12/26,995,500
한창제지보통주,009460,2017/12/27,995,500
한창제지보통주,009460,2017/12/28,1010,500
한컴위드,054920,2017/12/26,3480,500
한컴위드,054920,2017/12/27,3535,500
한컴위드,054920,2017/12/28,3395,500
한컴지엠디,077280,2017/12/26,2680,500
한컴지엠디,077280,2017/12/27,2760,500
한컴지엠디,077280,2017/12/28,2890,500
한탑,002680,2017/12/26,1885,500
한탑,002680,2017/12/27,1845,500
한탑,002680,2017/12/28,1870,500
한프,066110,2017/12/26,2055,500
한프,066110,2017/12/27,2145,500
한프,066110,2017/12/28,2055,500
한화 ARIRANG 200선물인버스2X증권상장지수투자신탁(주식-파생형),253160,2017/12/26,12130,0
한화 ARIRANG 200선물인버스2X증권상장지수투자신탁(주식-파생형),253160,2017/12/27,11910,0
한화 ARIRANG 200선물인버스2X증권상장지수투자신탁(주식-파생형),253160,2017/12/28,11580,0
한화 ARIRANG 단기유동성 증권 상장지수투자신탁(채권),190160,2017/12/26,107460,0
한화 ARIRANG 단기유동성 증권 상장지수투자신탁(채권),190160,2017/12/27,107475,0
한화 ARIRANG 단기유동성 증권 상장지수투자신탁(채권),190160,2017/12/28,107485,0
한화 ARIRANG 단기채권액티브증권상장지수투자신탁(채권),278620,2017/12/26,100090,0
한화 ARIRANG 단기채권액티브증권상장지수투자신탁(채권),278620,2017/12/27,100110,0
한화 ARIRANG 단기채권액티브증권상장지수투자신탁(채권),278620,2017/12/28,100110,0
한화 ARIRANG 바벨 증권 상장지수투자신탁(채권),190150,2017/12/26,110815,0
한화 ARIRANG 바벨 증권 상장지수투자신탁(채권),190150,2017/12/27,110960,0
한화 ARIRANG 바벨 증권 상장지수투자신탁(채권),190150,2017/12/28,110970,0
한화 ARIRANG 우량단기채권증권상장지수투자신탁(채권),263190,2017/12/26,50600,0
한화 ARIRANG 우량단기채권증권상장지수투자신탁(채권),263190,2017/12/27,50615,0
한화 ARIRANG 우량단기채권증권상장지수투자신탁(채권),263190,2017/12/28,50615,0
한화 ARIRANG 우량회사채50증권상장지수투자신탁(채권),239660,2017/12/26,102295,0
한화 ARIRANG 우량회사채50증권상장지수투자신탁(채권),239660,2017/12/27,102295,0
한화 ARIRANG 우량회사채50증권상장지수투자신탁(채권),239660,2017/12/28,102365,0
한화ARIRANG MSCI AC World 증권상장지수투자신탁(주식-파생형)(합성 H),189400,2017/12/26,13095,0
한화ARIRANG MSCI AC World 증권상장지수투자신탁(주식-파생형)(합성 H),189400,2017/12/27,13080,0
한화ARIRANG MSCI AC World 증권상장지수투자신탁(주식-파생형)(합성 H),189400,2017/12/28,13125,0
한화갤러리아타임월드보통주,027390,2017/12/26,35700,5000
한화갤러리아타임월드보통주,027390,2017/12/27,37950,5000
한화갤러리아타임월드보통주,027390,2017/12/28,37000,5000
한화보통주,000880,2017/12/26,41000,5000
한화보통주,000880,2017/12/27,41050,5000
한화보통주,000880,2017/12/28,41500,5000
한화생명보험보통주,088350,2017/12/26,7090,5000
한화생명보험보통주,088350,2017/12/27,6920,5000
한화생명보험보통주,088350,2017/12/28,6910,5000
한화손해보험보통주,000370,2017/12/26,8170,5000
한화손해보험보통주,000370,2017/12/27,8100,5000
한화손해보험보통주,000370,2017/12/28,8140,5000
한화솔루션보통주,009830,2017/12/26,30300,5000
한화솔루션보통주,009830,2017/12/27,30350,5000
한화솔루션보통주,009830,2017/12/28,31600,5000
한화수성기업인수목적,265920,2017/12/26,1960,100
한화수성기업인수목적,265920,2017/12/27,1965,100
한화수성기업인수목적,265920,2017/12/28,1955,100
한화에어로스페이스보통주,012450,2017/12/26,34250,5000
한화에어로스페이스보통주,012450,2017/12/27,34250,5000
한화에어로스페이스보통주,012450,2017/12/28,35550,5000
한화에이스기업인수목적2호,219860,2017/12/26,2015,100
한화에이스기업인수목적2호,219860,2017/12/27,2015,100
한화에이스기업인수목적2호,219860,2017/12/28,2015,100
한화에이스기업인수목적3호,264290,2017/12/26,2010,100
한화에이스기업인수목적3호,264290,2017/12/27,1995,100
한화에이스기업인수목적3호,264290,2017/12/28,2010,100
한화에이스기업인수목적4호,279410,2017/12/26,1995,100
한화에이스기업인수목적4호,279410,2017/12/27,1980,100
한화에이스기업인수목적4호,279410,2017/12/28,1990,100
한화투자증권보통주,003530,2017/12/26,2585,5000
한화투자증권보통주,003530,2017/12/27,2655,5000
한화투자증권보통주,003530,2017/12/28,2700,5000
해덕파워웨이,102210,2017/12/26,5100,500
해덕파워웨이,102210,2017/12/27,5050,500
해덕파워웨이,102210,2017/12/28,5150,500
해성디에스보통주,195870,2017/12/26,16650,5000
해성디에스보통주,195870,2017/12/27,16450,5000
해성디에스보통주,195870,2017/12/28,16500,5000
해성산업,034810,2017/12/26,12100,500
해성산업,034810,2017/12/27,12150,500
해성산업,034810,2017/12/28,12250,500
해성옵틱스,076610,2017/12/26,4470,500
해성옵틱스,076610,2017/12/27,4480,500
해성옵틱스,076610,2017/12/28,4685,500
해태제과식품주식회사,101530,2017/12/26,15450,500
해태제과식품주식회사,101530,2017/12/27,15450,500
해태제과식품주식회사,101530,2017/12/28,15450,500
핸디소프트,220180,2017/12/26,5990,500
핸디소프트,220180,2017/12/27,6030,500
핸디소프트,220180,2017/12/28,5900,500
핸즈코퍼레이션보통주,143210,2017/12/26,8940,500
핸즈코퍼레이션보통주,143210,2017/12/27,9140,500
핸즈코퍼레이션보통주,143210,2017/12/28,9050,500
행남사,008800,2017/12/26,371,500
행남사,008800,2017/12/27,372,500
행남사,008800,2017/12/28,386,500
헝셩그룹유한회사,900270,2017/12/26,2225,0
헝셩그룹유한회사,900270,2017/12/27,2200,0
헝셩그룹유한회사,900270,2017/12/28,2155,0
헥토이노베이션,214180,2017/12/26,24550,500
헥토이노베이션,214180,2017/12/27,25650,500
헥토이노베이션,214180,2017/12/28,25100,500
헬릭스미스,084990,2017/12/26,147300,500
헬릭스미스,084990,2017/12/27,160000,500
헬릭스미스,084990,2017/12/28,163300,500
현대건설기계보통주,267270,2017/12/26,160500,5000
현대건설기계보통주,267270,2017/12/27,166000,5000
현대건설기계보통주,267270,2017/12/28,169000,5000
현대건설보통주,000720,2017/12/26,35350,5000
현대건설보통주,000720,2017/12/27,35350,5000
현대건설보통주,000720,2017/12/28,36300,5000
현대공업,170030,2017/12/26,3915,500
현대공업,170030,2017/12/27,3970,500
현대공업,170030,2017/12/28,3970,500
현대그린푸드보통주,005440,2017/12/26,15200,500
현대그린푸드보통주,005440,2017/12/27,14950,500
현대그린푸드보통주,005440,2017/12/28,14950,500
현대글로비스보통주,086280,2017/12/26,137000,500
현대글로비스보통주,086280,2017/12/27,134500,500
현대글로비스보통주,086280,2017/12/28,136000,500
현대두산인프라코어보통주,042670,2017/12/26,8590,5000
현대두산인프라코어보통주,042670,2017/12/27,8520,5000
현대두산인프라코어보통주,042670,2017/12/28,8690,5000
현대드림투게더제3호기업인수목적,221950,2017/12/26,1990,100
현대드림투게더제3호기업인수목적,221950,2017/12/27,2000,100
현대드림투게더제3호기업인수목적,221950,2017/12/28,2005,100
현대로템보통주,064350,2017/12/26,19250,5000
현대로템보통주,064350,2017/12/27,18800,5000
현대로템보통주,064350,2017/12/28,18750,5000
현대리바트보통주,079430,2017/12/26,32500,1000
현대리바트보통주,079430,2017/12/27,32050,1000
현대리바트보통주,079430,2017/12/28,32000,1000
현대모비스보통주,012330,2017/12/26,261000,5000
현대모비스보통주,012330,2017/12/27,268000,5000
현대모비스보통주,012330,2017/12/28,263000,5000
현대미포조선보통주,010620,2017/12/26,92700,5000
현대미포조선보통주,010620,2017/12/27,77700,5000
현대미포조선보통주,010620,2017/12/28,78700,5000
현대바이오랜드,052260,2017/12/26,19350,500
현대바이오랜드,052260,2017/12/27,19950,500
현대바이오랜드,052260,2017/12/28,20100,500
현대바이오사이언스,048410,2017/12/26,5050,500
현대바이오사이언스,048410,2017/12/27,5150,500
현대바이오사이언스,048410,2017/12/28,5270,500
현대백화점보통주,069960,2017/12/26,101500,5000
현대백화점보통주,069960,2017/12/27,103000,5000
현대백화점보통주,069960,2017/12/28,104500,5000
현대비앤지스틸보통주,004560,2017/12/26,11450,5000
현대비앤지스틸보통주,004560,2017/12/27,11550,5000
현대비앤지스틸보통주,004560,2017/12/28,11700,5000
현대에버다임,041440,2017/12/26,9240,500
현대에버다임,041440,2017/12/27,9190,500
현대에버다임,041440,2017/12/28,9320,500
현대에이치티,039010,2017/12/26,9300,500
현대에이치티,039010,2017/12/27,9290,500
현대에이치티,039010,2017/12/28,9440,500
현대엘리베이터보통주,017800,2017/12/26,53900,5000
현대엘리베이터보통주,017800,2017/12/27,53900,5000
현대엘리베이터보통주,017800,2017/12/28,54400,5000
현대위아보통주,011210,2017/12/26,63600,5000
현대위아보통주,011210,2017/12/27,64600,5000
현대위아보통주,011210,2017/12/28,65000,5000
현대이지웰,090850,2017/12/26,5280,500
현대이지웰,090850,2017/12/27,5520,500
현대이지웰,090850,2017/12/28,5400,500
현대일렉트릭보통주,267260,2017/12/26,108000,5000
현대일렉트릭보통주,267260,2017/12/27,110000,5000
현대일렉트릭보통주,267260,2017/12/28,114000,5000
현대자동차보통주,005380,2017/12/26,154000,5000
현대자동차보통주,005380,2017/12/27,156500,5000
현대자동차보통주,005380,2017/12/28,156000,5000
현대정보기술,026180,2017/12/26,1850,1000
현대정보기술,026180,2017/12/27,1860,1000
현대정보기술,026180,2017/12/28,1820,1000
현대제철 보통주,004020,2017/12/26,56600,5000
현대제철 보통주,004020,2017/12/27,57900,5000
현대제철 보통주,004020,2017/12/28,58600,5000
현대차증권보통주,001500,2017/12/26,11400,5000
현대차증권보통주,001500,2017/12/27,11000,5000
현대차증권보통주,001500,2017/12/28,10900,5000
현대코퍼레이션보통주,011760,2017/12/26,19850,5000
현대코퍼레이션보통주,011760,2017/12/27,19550,5000
현대코퍼레이션보통주,011760,2017/12/28,19500,5000
현대코퍼레이션홀딩스보통주,227840,2017/12/26,15000,5000
현대코퍼레이션홀딩스보통주,227840,2017/12/27,14550,5000
현대코퍼레이션홀딩스보통주,227840,2017/12/28,14600,5000
현대퓨처넷보통주,126560,2017/12/26,3900,500
현대퓨처넷보통주,126560,2017/12/27,3940,500
현대퓨처넷보통주,126560,2017/12/28,3950,500
현대해상화재보험보통주,001450,2017/12/26,48400,500
현대해상화재보험보통주,001450,2017/12/27,47000,500
현대해상화재보험보통주,001450,2017/12/28,47000,500
현대홈쇼핑보통주,057050,2017/12/26,125500,5000
현대홈쇼핑보통주,057050,2017/12/27,123000,5000
현대홈쇼핑보통주,057050,2017/12/28,120500,5000
현성바이탈,204990,2017/12/26,5350,500
현성바이탈,204990,2017/12/27,5400,500
현성바이탈,204990,2017/12/28,5500,500
현우산업,092300,2017/12/26,3340,500
현우산업,092300,2017/12/27,3305,500
현우산업,092300,2017/12/28,3330,500
현진소재,053660,2017/12/26,1360,500
현진소재,053660,2017/12/27,1360,500
현진소재,053660,2017/12/28,1360,500
협진,138360,2017/12/26,4340,500
협진,138360,2017/12/27,4040,500
협진,138360,2017/12/28,4825,500
형지아이앤씨,011080,2017/12/26,1195,500
형지아이앤씨,011080,2017/12/27,1205,500
형지아이앤씨,011080,2017/12/28,1165,500
혜인보통주,003010,2017/12/26,3390,500
혜인보통주,003010,2017/12/27,3450,500
혜인보통주,003010,2017/12/28,3475,500
호전실업보통주,111110,2017/12/26,13400,500
호전실업보통주,111110,2017/12/27,13050,500
호전실업보통주,111110,2017/12/28,13100,500
호텔신라보통주,008770,2017/12/26,80000,5000
호텔신라보통주,008770,2017/12/27,83000,5000
호텔신라보통주,008770,2017/12/28,84900,5000
홈센타홀딩스,060560,2017/12/26,1880,500
홈센타홀딩스,060560,2017/12/27,1850,500
홈센타홀딩스,060560,2017/12/28,1875,500
홈캐스트,064240,2017/12/26,14000,500
홈캐스트,064240,2017/12/27,14900,500
홈캐스트,064240,2017/12/28,14550,500
화성밸브,039610,2017/12/26,5420,500
화성밸브,039610,2017/12/27,5430,500
화성밸브,039610,2017/12/28,5420,500
화성산업보통주,002460,2017/12/26,16050,5000
화성산업보통주,002460,2017/12/27,15450,5000
화성산업보통주,002460,2017/12/28,15150,5000
화승엔터프라이즈보통주,241590,2017/12/26,22750,500
화승엔터프라이즈보통주,241590,2017/12/27,23500,500
화승엔터프라이즈보통주,241590,2017/12/28,24000,500
화승인더스트리보통주,006060,2017/12/26,9810,500
화승인더스트리보통주,006060,2017/12/27,10300,500
화승인더스트리보통주,006060,2017/12/28,10250,500
화승코퍼레이션보통주,013520,2017/12/26,2570,500
화승코퍼레이션보통주,013520,2017/12/27,2600,500
화승코퍼레이션보통주,013520,2017/12/28,2620,500
화신보통주,010690,2017/12/26,4190,500
화신보통주,010690,2017/12/27,4130,500
화신보통주,010690,2017/12/28,4295,500
화신정공,126640,2017/12/26,1280,100
화신정공,126640,2017/12/27,1265,100
화신정공,126640,2017/12/28,1260,100
화인베스틸보통주,133820,2017/12/26,2100,500
화인베스틸보통주,133820,2017/12/27,2035,500
화인베스틸보통주,133820,2017/12/28,2070,500
화일약품,061250,2017/12/26,6720,500
화일약품,061250,2017/12/27,6820,500
화일약품,061250,2017/12/28,6810,500
화진,134780,2017/12/26,4690,500
화진,134780,2017/12/27,4805,500
화진,134780,2017/12/28,4855,500
화천기계보통주,010660,2017/12/26,21300,5000
화천기계보통주,010660,2017/12/27,21400,5000
화천기계보통주,010660,2017/12/28,21700,5000
화천기공보통주,000850,2017/12/26,55500,5000
화천기공보통주,000850,2017/12/27,56600,5000
화천기공보통주,000850,2017/12/28,55600,5000
환인제약보통주,016580,2017/12/26,21750,500
환인제약보통주,016580,2017/12/27,22250,500
환인제약보통주,016580,2017/12/28,22250,500
황금에스티보통주,032560,2017/12/26,8850,500
황금에스티보통주,032560,2017/12/27,8930,500
황금에스티보통주,032560,2017/12/28,9000,500
효성보통주,004800,2017/12/26,140000,5000
효성보통주,004800,2017/12/27,136500,5000
효성보통주,004800,2017/12/28,139500,5000
효성아이티엑스 보통주,094280,2017/12/26,12400,500
효성아이티엑스 보통주,094280,2017/12/27,12450,500
효성아이티엑스 보통주,094280,2017/12/28,12600,500
후성 보통주,093370,2017/12/26,9790,500
후성 보통주,093370,2017/12/27,10250,500
후성 보통주,093370,2017/12/28,10150,500
휠라홀딩스보통주,081660,2017/12/26,79100,5000
휠라홀딩스보통주,081660,2017/12/27,80600,5000
휠라홀딩스보통주,081660,2017/12/28,81600,5000
휴니드테크놀러지스보통주,005870,2017/12/26,11650,5000
휴니드테크놀러지스보통주,005870,2017/12/27,11550,5000
휴니드테크놀러지스보통주,005870,2017/12/28,11400,5000
휴림네트웍스,192410,2017/12/26,6550,500
휴림네트웍스,192410,2017/12/27,6770,500
휴림네트웍스,192410,2017/12/28,7200,500
휴림로봇,090710,2017/12/26,2340,200
휴림로봇,090710,2017/12/27,2415,200
휴림로봇,090710,2017/12/28,2460,200
휴마시스,205470,2017/12/26,2070,100
휴마시스,205470,2017/12/27,2030,100
휴마시스,205470,2017/12/28,2120,100
휴맥스,115160,2017/12/26,8620,500
휴맥스,115160,2017/12/27,8820,500
휴맥스,115160,2017/12/28,8920,500
휴맥스홀딩스,028080,2017/12/26,4575,500
휴맥스홀딩스,028080,2017/12/27,4640,500
휴맥스홀딩스,028080,2017/12/28,4640,500
휴먼엔,032860,2017/12/26,534,500
휴먼엔,032860,2017/12/27,529,500
휴먼엔,032860,2017/12/28,527,500
휴메딕스,200670,2017/12/26,47200,500
휴메딕스,200670,2017/12/27,44900,500
휴메딕스,200670,2017/12/28,43200,500
휴비스보통주,079980,2017/12/26,10150,5000
휴비스보통주,079980,2017/12/27,10150,5000
휴비스보통주,079980,2017/12/28,10100,5000
휴비츠,065510,2017/12/26,13050,500
휴비츠,065510,2017/12/27,13150,500
휴비츠,065510,2017/12/28,13350,500
휴센텍,215090,2017/12/26,2000,100
휴센텍,215090,2017/12/27,2000,100
휴센텍,215090,2017/12/28,1995,100
휴스틸보통주,005010,2017/12/26,15900,5000
휴스틸보통주,005010,2017/12/27,15550,5000
휴스틸보통주,005010,2017/12/28,15450,5000
휴엠앤씨,263920,2017/12/26,5930,500
휴엠앤씨,263920,2017/12/27,5990,500
휴엠앤씨,263920,2017/12/28,6140,500
휴온스,243070,2017/12/26,102500,500
휴온스,243070,2017/12/27,92900,500
휴온스,243070,2017/12/28,89600,500
휴온스글로벌,084110,2017/12/26,60000,500
휴온스글로벌,084110,2017/12/27,56900,500
휴온스글로벌,084110,2017/12/28,55600,500
휴젤,145020,2017/12/26,553000,500
휴젤,145020,2017/12/27,570900,500
휴젤,145020,2017/12/28,559600,500
흥구석유,024060,2017/12/26,2810,100
흥구석유,024060,2017/12/27,2785,100
흥구석유,024060,2017/12/28,2775,100
흥국,010240,2017/12/26,7090,500
흥국,010240,2017/12/27,7060,500
흥국,010240,2017/12/28,7060,500
흥국에프엔비,189980,2017/12/26,8650,500
흥국에프엔비,189980,2017/12/27,8670,500
흥국에프엔비,189980,2017/12/28,8690,500
흥국화재해상보험보통주,000540,2017/12/26,5490,5000
흥국화재해상보험보통주,000540,2017/12/27,5300,5000
흥국화재해상보험보통주,000540,2017/12/28,5350,5000
흥아해운보통주,003280,2017/12/26,740,500
흥아해운보통주,003280,2017/12/27,755,500
흥아해운보통주,003280,2017/12/28,751,500
희림종합건축사사무소,037440,2017/12/26,4550,500
희림종합건축사사무소,037440,2017/12/27,4580,500
희림종합건축사사무소,037440,2017/12/28,4645,500
힘스,238490,2017/12/26,23600,500
힘스,238490,2017/12/27,23550,500
힘스,238490,2017/12/28,23950,500
