회사명,거래소코드,회계년도,액면가(원),종가(원)
AJ네트웍스보통주,095570,2018/01/02,1000,6970
AK홀딩스보통주,006840,2018/01/02,5000,73600
BGF리테일보통주,282330,2018/01/02,1000,210500
BGF보통주,027410,2018/01/02,1000,15500
BNK금융지주보통주,138930,2018/01/02,5000,9430
BYC보통주,001460,2018/01/02,5000,304000
CJ보통주,001040,2018/01/02,5000,176500
CJ씨푸드보통주,011150,2018/01/02,500,2890
CMG제약,058820,2018/01/02,500,7580
CS홀딩스보통주,000590,2018/01/02,5000,80100
DB Inc.보통주,012030,2018/01/02,500,697
DB금융투자보통주,016610,2018/01/02,5000,4030
DB손해보험보통주,005830,2018/01/02,500,70300
DB하이텍보통주,000990,2018/01/02,5000,11850
DGB금융지주보통주,139130,2018/01/02,5000,10500
DI동일보통주,001530,2018/01/02,5000,53700
DL건설보통주,001880,2018/01/02,5000,15000
DL보통주,000210,2018/01/02,5000,81800
DSR보통주,155660,2018/01/02,500,5240
DSR제강보통주,069730,2018/01/02,500,5390
E1보통주,017940,2018/01/02,5000,56200
ES큐브,050120,2018/01/02,500,1180
F&F홀딩스,007700,2018/01/02,500,42200
GS건설보통주,006360,2018/01/02,5000,28650
GS보통주,078930,2018/01/02,5000,62500
HDC보통주,012630,2018/01/02,5000,40450
HJ중공업보통주,097230,2018/01/02,5000,3410
IHQ보통주,003560,2018/01/02,500,2505
JB금융지주보통주,175330,2018/01/02,5000,6150
JW생명과학보통주,234080,2018/01/02,5000,43200
JW중외제약보통주,001060,2018/01/02,2500,45600
JW홀딩스 보통주,096760,2018/01/02,500,8420
KB KBSTAR 200선물레버리지증권상장지수투자신탁(주식-파생형),252400,2018/01/02,0,16160
KB KBSTAR 200선물인버스2X증권상장지수투자신탁(주식-파생형),252420,2018/01/02,0,5770
KB KBSTAR 200선물인버스증권상장지수투자신탁(주식-파생형),252410,2018/01/02,0,7700
KB KBSTAR 국고채3년선물인버스증권상장지수투자신탁(채권-파생형),282000,2018/01/02,0,100015
KB KBSTAR 글로벌4차산업IT증권상장지수투자신탁(주식-파생형)(합성 H),276650,2018/01/02,0,11030
KB KBSTAR 단기국공채액티브증권상장지수투자신탁(채권),272560,2018/01/02,0,100080
KB KBSTAR 단기통안채증권상장지수투자신탁(채권),196230,2018/01/02,0,102875
KB KBSTAR 미국S&P원유생산기업증권상장지수투자신탁(주식-파생형)(합성 H),219390,2018/01/02,0,7200
KB KBSTAR 미국장기국채선물레버리지증권상장지수투자신탁(채권-파생형)(합성 H),267490,2018/01/02,0,10305
KB KBSTAR 미국장기국채선물인버스2X증권상장지수투자신탁(채권-파생형)(합성 H),267500,2018/01/02,0,9480
KB KBSTAR 미국장기국채선물인버스증권상장지수투자신탁(채권-파생형)(H),267450,2018/01/02,0,9715
KB KBSTAR 미국장기국채선물증권상장지수투자신탁(채권-파생형)(H),267440,2018/01/02,0,10205
KB KBSTAR 일본레버리지증권상장지수투자신탁(주식-재간접파생형)(H),196220,2018/01/02,0,18445
KB KBSTAR 중국본토대형주CSI100증권상장지수자투자신탁(주식),174360,2018/01/02,0,15735
KB KBSTAR 중장기국공채액티브증권상장지수투자신탁(채권),272570,2018/01/02,0,99185
KB KBSTAR 차이나HSCEI증권상장지수투자신탁(주식)(H),250730,2018/01/02,0,13360
KB KBSTAR 코스닥150선물레버리지증권상장지수투자신탁(주식-파생형),278240,2018/01/02,0,19705
KB KBSTAR 코스닥150선물인버스증권상장지수투자신탁(주식-파생형),275750,2018/01/02,0,6745
KB금융지주 보통주,105560,2018/01/02,5000,63100
KB오토시스,024120,2018/01/02,500,6840
KCTC 보통주,009070,2018/01/02,500,2540
KD,044180,2018/01/02,100,175
KG스틸보통주,016380,2018/01/02,5000,9640
KG케미칼보통주,001390,2018/01/02,5000,26950
KH 필룩스보통주,033180,2018/01/02,500,3130
KINDEX골드선물레버리지특별자산상장지수투자신탁(금-파생형)(합성 H),225130,2018/01/02,0,12090
KISCO홀딩스보통주,001940,2018/01/02,5000,74700
KPX케미칼보통주,025000,2018/01/02,5000,69500
KPX홀딩스보통주,092230,2018/01/02,5000,64400
KR모터스보통주,000040,2018/01/02,500,325
LF보통주,093050,2018/01/02,5000,31400
LG디스플레이보통주,034220,2018/01/02,5000,29850
LG보통주,003550,2018/01/02,5000,90800
LG생활건강보통주,051900,2018/01/02,5000,1200000
LG유플러스보통주,032640,2018/01/02,5000,14050
LG이노텍보통주,011070,2018/01/02,5000,145000
LG전자보통주,066570,2018/01/02,5000,109500
LG화학보통주,051910,2018/01/02,5000,411000
LIG넥스원보통주,079550,2018/01/02,5000,60300
LS ELECTRIC보통주,010120,2018/01/02,5000,66900
LS네트웍스보통주,000680,2018/01/02,5000,2920
LS보통주,006260,2018/01/02,5000,73400
LX인터내셔널보통주,001120,2018/01/02,5000,27650
MDS테크,086960,2018/01/02,500,20500
MH에탄올보통주,023150,2018/01/02,500,6220
NAVER보통주,035420,2018/01/02,500,885000
NHN보통주,181710,2018/01/02,500,68900
NICE보통주,034310,2018/01/02,500,14300
NI스틸보통주,008260,2018/01/02,500,2910
NPC보통주,004250,2018/01/02,500,5270
OCI보통주,010060,2018/01/02,5000,136000
S-Oil보통주,010950,2018/01/02,2500,117000
SBS미디어홀딩스보통주,101060,2018/01/02,500,3060
SGC에너지보통주,005090,2018/01/02,5000,43400
SG글로벌보통주,001380,2018/01/02,500,4010
SHD보통주,001770,2018/01/02,5000,17100
SH에너지화학보통주,002360,2018/01/02,500,1420
SIMPAC보통주,009160,2018/01/02,500,4145
SJM보통주,123700,2018/01/02,500,4880
SJM홀딩스보통주,025530,2018/01/02,500,4705
SKC보통주,011790,2018/01/02,5000,46500
SK가스보통주,018670,2018/01/02,5000,93600
SK네트웍스보통주,001740,2018/01/02,2500,6770
SK디앤디보통주,210980,2018/01/02,1000,34700
SK보통주,034730,2018/01/02,200,283000
SK이노베이션 보통주,096770,2018/01/02,5000,206500
SK증권보통주,001510,2018/01/02,500,1165
SK텔레콤보통주,017670,2018/01/02,500,265500
SNT모티브보통주,064960,2018/01/02,5000,46850
SNT에너지보통주,100840,2018/01/02,500,16150
SNT중공업보통주,003570,2018/01/02,2500,7410
SNT홀딩스보통주,036530,2018/01/02,500,15600
SPC삼립보통주,005610,2018/01/02,5000,154000
STX보통주,011810,2018/01/02,2500,23850
STX엔진보통주,077970,2018/01/02,2500,8860
STX중공업보통주,071970,2018/01/02,2500,4730
TBH글로벌보통주,084870,2018/01/02,500,7880
TCC스틸보통주,002710,2018/01/02,1000,1905
WISCOM보통주,024070,2018/01/02,500,3980
가비아,079940,2018/01/02,500,5890
가온미디어,078890,2018/01/02,500,13700
가온전선보통주,000500,2018/01/02,5000,22950
감성코퍼레이션,036620,2018/01/02,500,1370
강남제비스코보통주,000860,2018/01/02,1000,36600
강스템바이오텍,217730,2018/01/02,500,13100
강원랜드보통주,035250,2018/01/02,500,32050
강원에너지,114190,2018/01/02,500,2495
갤럭시아머니트리,094480,2018/01/02,500,5900
갤럭시아에스엠보통주,011420,2018/01/02,500,3010
경남스틸,039240,2018/01/02,500,10100
경남제약,053950,2018/01/02,500,11000
경농보통주,002100,2018/01/02,500,5900
경동나비엔보통주,009450,2018/01/02,1000,51100
경동도시가스보통주,267290,2018/01/02,2500,35700
경동인베스트보통주,012320,2018/01/02,5000,42650
경동제약,011040,2018/01/02,1000,22300
경방보통주,000050,2018/01/02,500,13850
경보제약보통주,214390,2018/01/02,500,13300
경인양행보통주,012610,2018/01/02,500,5800
경인전자보통주,009140,2018/01/02,5000,20250
경창산업,024910,2018/01/02,500,3490
계룡건설산업보통주,013580,2018/01/02,5000,17500
계양전기보통주,012200,2018/01/02,500,4510
고려개발보통주,004200,2018/01/02,5000,5820
고려산업보통주,002140,2018/01/02,1000,2720
고려시멘트,198440,2018/01/02,100,1755
고려신용정보,049720,2018/01/02,500,2975
고려아연보통주,010130,2018/01/02,5000,499500
고려제강보통주,002240,2018/01/02,1000,32900
고려제약,014570,2018/01/02,500,7230
고영테크놀러지,098460,2018/01/02,500,81600
골드앤에스,035290,2018/01/02,500,4500
골드퍼시픽,038530,2018/01/02,500,3785
골든브릿지제3호기업인수목적,219580,2018/01/02,100,2020
골프존,215000,2018/01/02,500,44850
골프존뉴딘홀딩스,121440,2018/01/02,500,5280
광동제약보통주,009290,2018/01/02,1000,8760
광림,014200,2018/01/02,500,3905
광명전기보통주,017040,2018/01/02,500,2760
광무,029480,2018/01/02,500,1075
광전자보통주,017900,2018/01/02,500,2805
광주신세계보통주,037710,2018/01/02,5000,230000
광주은행보통주,192530,2018/01/02,5000,12000
광진실업,026910,2018/01/02,500,3325
교보5호기업인수목적,223040,2018/01/02,100,2000
교보악사 파워 단기채 증권 상장지수투자신탁[채권],226810,2018/01/02,0,103325
교보증권보통주,030610,2018/01/02,5000,9050
구영테크,053270,2018/01/02,500,2055
국도화학보통주,007690,2018/01/02,5000,65600
국동보통주,005320,2018/01/02,500,3245
국보디자인,066620,2018/01/02,500,17950
국보보통주,001140,2018/01/02,5000,9370
국순당,043650,2018/01/02,500,5720
국영지앤엠,006050,2018/01/02,500,1145
국일신동,060480,2018/01/02,500,3015
국일제지,078130,2018/01/02,100,818
국제약품보통주,002720,2018/01/02,1000,5360
그래디언트,035080,2018/01/02,500,3930
그랜드코리아레저보통주,114090,2018/01/02,500,29250
그린케미칼보통주,083420,2018/01/02,500,4325
극동유화보통주,014530,2018/01/02,500,3330
글로벌스탠다드테크놀로지,083450,2018/01/02,500,11900
글로벌에스엠테크리미티드,900070,2018/01/02,0.5,1150
글로벌텍스프리,204620,2018/01/02,100,1775
글로본,019660,2018/01/02,500,3070
금강공업보통주,014280,2018/01/02,5000,28800
금강철강,053260,2018/01/02,500,3700
금빛,045890,2018/01/02,500,1955
금양보통주,001570,2018/01/02,500,2445
금호건설보통주,002990,2018/01/02,5000,9540
금호석유화학보통주,011780,2018/01/02,5000,103500
금호에이치티보통주,214330,2018/01/02,500,4965
금호전기보통주,001210,2018/01/02,5000,7150
금호타이어보통주,073240,2018/01/02,5000,4470
금화피에스시,036190,2018/01/02,500,42400
기가레인,049080,2018/01/02,500,2945
기산텔레콤,035460,2018/01/02,500,2965
기아보통주,000270,2018/01/02,5000,32800
까뮤이앤씨보통주,013700,2018/01/02,5000,10050
깨끗한나라보통주,004540,2018/01/02,5000,4130
나노,187790,2018/01/02,100,1040
나노신소재,121600,2018/01/02,500,16850
나노엔텍,039860,2018/01/02,500,5980
나노캠텍,091970,2018/01/02,500,4595
나라엠앤디,051490,2018/01/02,500,4555
나무가,190510,2018/01/02,500,19450
나무기술,242040,2018/01/02,100,1970
나스미디어,089600,2018/01/02,500,74000
나이벡,138610,2018/01/02,500,11200
나이스디앤비,130580,2018/01/02,500,7970
나이스정보통신,036800,2018/01/02,500,23100
나이스평가정보,030190,2018/01/02,500,8680
나인테크,267320,2018/01/02,100,1980
남광토건보통주,001260,2018/01/02,5000,6150
남선알미늄보통주,008350,2018/01/02,500,994
남성보통주,004270,2018/01/02,500,2280
남양유업보통주,003920,2018/01/02,5000,703000
남해화학보통주,025860,2018/01/02,1000,10850
남화토건,091590,2018/01/02,500,5780
내츄럴엔도텍,168330,2018/01/02,500,23750
네오리진,094860,2018/01/02,100,633
네오오토,212560,2018/01/02,500,5750
네오위즈,095660,2018/01/02,500,12750
네오위즈홀딩스,042420,2018/01/02,500,13750
네오티스,085910,2018/01/02,500,4900
네오팜,092730,2018/01/02,500,49600
네이블커뮤니케이션즈,153460,2018/01/02,500,5030
네이처셀,007390,2018/01/02,500,24000
네패스,033640,2018/01/02,500,9430
넥센보통주,005720,2018/01/02,500,7560
넥센타이어보통주,002350,2018/01/02,500,11900
넥스턴바이오사이언스,089140,2018/01/02,500,13800
넥스트아이,137940,2018/01/02,100,3290
넥스트엔터테인먼트월드,160550,2018/01/02,500,9630
넥슨게임즈,225570,2018/01/02,100,2650
넥슨지티,041140,2018/01/02,500,13550
넵튠,217270,2018/01/02,500,15100
넷마블보통주,251270,2018/01/02,100,188500
노루페인트 보통주,090350,2018/01/02,500,8630
노루홀딩스보통주,000320,2018/01/02,500,16350
노블엠앤비,106520,2018/01/02,500,1620
녹십자보통주,006280,2018/01/02,5000,227000
녹십자셀,031390,2018/01/02,500,49200
녹십자엠에스,142280,2018/01/02,500,12500
녹십자홀딩스보통주,005250,2018/01/02,500,39500
녹원씨엔아이,065560,2018/01/02,500,8460
농심보통주,004370,2018/01/02,5000,358500
농심홀딩스보통주,072710,2018/01/02,5000,115500
농업회사법인농우바이오,054050,2018/01/02,500,16500
누리플랜,069140,2018/01/02,500,4740
누리플렉스,040160,2018/01/02,500,10500
뉴로스,126870,2018/01/02,500,5380
뉴보텍,060260,2018/01/02,500,1925
뉴인텍,012340,2018/01/02,500,1080
뉴지랩파마,214870,2018/01/02,500,11450
뉴파워프라즈마,144960,2018/01/02,500,26550
뉴프렉스,085670,2018/01/02,500,5150
다날,064260,2018/01/02,500,5420
다믈멀티미디어,093640,2018/01/02,500,4845
다산네트웍스,039560,2018/01/02,500,6970
다스코보통주,058730,2018/01/02,500,6560
다올투자증권보통주,030210,2018/01/02,5000,3625
다우기술보통주,023590,2018/01/02,500,19550
다우데이타,032190,2018/01/02,500,10350
다원시스,068240,2018/01/02,500,18250
다이나믹디자인보통주,145210,2018/01/02,500,2610
대교보통주,019680,2018/01/02,500,8130
대구백화점보통주,006370,2018/01/02,5000,12000
대덕GDS보통주,004130,2018/01/02,500,25500
대덕보통주,008060,2018/01/02,500,9990
대동금속,020400,2018/01/02,5000,39650
대동기어,008830,2018/01/02,5000,22050
대동보통주,000490,2018/01/02,1000,10300
대동스틸,048470,2018/01/02,500,4775
대륙제관,004780,2018/01/02,500,6700
대림B&Co보통주,005750,2018/01/02,1000,6520
대림제지,017650,2018/01/02,100,1035
대림통상보통주,006570,2018/01/02,1000,5330
대명소노시즌,007720,2018/01/02,500,3330
대봉엘에스,078140,2018/01/02,500,10000
대상보통주,001680,2018/01/02,1000,28200
대상홀딩스 보통주,084690,2018/01/02,1000,10100
대성미생물연구소,036480,2018/01/02,5000,105600
대성산업보통주,128820,2018/01/02,5000,3795
대성에너지보통주,117580,2018/01/02,1000,6000
대성창업투자,027830,2018/01/02,500,2605
대성파인텍,104040,2018/01/02,100,1930
대성홀딩스보통주,016710,2018/01/02,1000,7950
대신밸런스제4호기업인수목적,262830,2018/01/02,100,1970
대신증권보통주,003540,2018/01/02,5000,14150
대아티아이,045390,2018/01/02,100,1805
대양금속보통주,009190,2018/01/02,500,3140
대양전기공업,108380,2018/01/02,500,11900
대양제지공업,006580,2018/01/02,500,1600
대영포장보통주,014160,2018/01/02,500,846
대우건설보통주,047040,2018/01/02,5000,5890
대우전자부품보통주,009320,2018/01/02,500,2795
대우조선해양보통주,042660,2018/01/02,5000,15350
대웅보통주,003090,2018/01/02,500,19950
대웅제약보통주,069620,2018/01/02,2500,170500
대원,007680,2018/01/02,500,10800
대원강업보통주,000430,2018/01/02,500,3755
대원미디어,048910,2018/01/02,500,8250
대원산업,005710,2018/01/02,500,7560
대원전선보통주,006340,2018/01/02,500,1090
대원제약보통주,003220,2018/01/02,500,21450
대원화성보통주,024890,2018/01/02,500,2580
대유에이텍,002880,2018/01/02,500,1050
대유플러스보통주,000300,2018/01/02,500,734
대정화금,120240,2018/01/02,500,12150
대주산업,003310,2018/01/02,500,2205
대주전자재료,078600,2018/01/02,500,17600
대창단조보통주,015230,2018/01/02,5000,58900
대창보통주,012800,2018/01/02,500,1085
대창솔루션,096350,2018/01/02,500,1230
대창스틸,140520,2018/01/02,500,4105
대한과학,131220,2018/01/02,500,5220
대한광통신,010170,2018/01/02,500,7090
대한그린파워,060900,2018/01/02,100,1460
대한뉴팜,054670,2018/01/02,500,13850
대한방직보통주,001070,2018/01/02,5000,78000
대한약품공업,023910,2018/01/02,500,40700
대한유화보통주,006650,2018/01/02,5000,269000
대한전선보통주,001440,2018/01/02,500,1120
대한제강 보통주,084010,2018/01/02,1000,9550
대한제당보통주,001790,2018/01/02,2500,24150
대한제분보통주,001130,2018/01/02,5000,166000
대한항공보통주,003490,2018/01/02,5000,35900
대한해운보통주,005880,2018/01/02,5000,23550
대한화섬보통주,003830,2018/01/02,5000,114500
대현보통주,016090,2018/01/02,500,2715
대호에이엘보통주,069460,2018/01/02,500,1200
대호특수강,021040,2018/01/02,500,973
대화제약,067080,2018/01/02,500,25100
더 미동,161570,2018/01/02,500,6440
더블유게임즈,192080,2018/01/02,500,50800
더이앤엠,089230,2018/01/02,100,842
더존비즈온보통주,012510,2018/01/02,500,32650
더코디,224060,2018/01/02,100,901
덕산네오룩스,213420,2018/01/02,200,24600
덕산하이메탈,077360,2018/01/02,200,8190
덕성보통주,004830,2018/01/02,500,3780
덕신하우징,090410,2018/01/02,100,1535
덕양산업보통주,024900,2018/01/02,500,1425
덕우전자,263600,2018/01/02,500,18550
데브시스터즈,194480,2018/01/02,500,14950
데이타솔루션,263800,2018/01/02,500,4060
데코앤이,017680,2018/01/02,500,556
덱스터스튜디오,206560,2018/01/02,500,10550
덴티스,261200,2018/01/02,100,2005
덴티움보통주,145720,2018/01/02,500,65800
도이치모터스,067990,2018/01/02,500,6010
도화엔지니어링보통주,002150,2018/01/02,500,4920
동국산업,005160,2018/01/02,1000,3925
동국알앤에스,075970,2018/01/02,1000,2360
동국에스엔씨,100130,2018/01/02,500,5870
동국제강보통주,001230,2018/01/02,5000,11050
동국제약,086450,2018/01/02,2500,63000
동방보통주,004140,2018/01/02,1000,1440
동방선기,099410,2018/01/02,500,1915
동방아그로보통주,007590,2018/01/02,500,7400
동부건설보통주,005960,2018/01/02,5000,10350
동부제4호기업인수목적,230490,2018/01/02,100,1975
동서보통주,026960,2018/01/02,500,28800
동성제약보통주,002210,2018/01/02,1000,5220
동성케미컬보통주,102260,2018/01/02,1000,5610
동성화인텍,033500,2018/01/02,500,5230
동성화학보통주,005190,2018/01/02,1000,16500
동신건설,025950,2018/01/02,500,7400
동아쏘시오홀딩스보통주,000640,2018/01/02,5000,126500
동아에스티보통주,170900,2018/01/02,5000,100000
동아엘텍,088130,2018/01/02,500,13050
동아지질보통주,028100,2018/01/02,500,11750
동아타이어공업보통주,282690,2018/01/02,500,10300
동아화성,041930,2018/01/02,500,4725
동양고속보통주,084670,2018/01/02,5000,33850
동양보통주,001520,2018/01/02,500,1940
동양생명보험보통주,082640,2018/01/02,5000,7540
동양에스텍,060380,2018/01/02,500,3080
동양이엔피,079960,2018/01/02,500,12200
동양철관보통주,008970,2018/01/02,500,897
동양파일,228340,2018/01/02,500,4980
동양피스톤보통주,092780,2018/01/02,500,4085
동우팜투테이블,088910,2018/01/02,500,4065
동운아나텍,094170,2018/01/02,500,15750
동원F&B보통주,049770,2018/01/02,5000,231000
동원개발,013120,2018/01/02,500,4990
동원산업보통주,006040,2018/01/02,5000,336000
동원수산보통주,030720,2018/01/02,5000,9310
동원시스템즈보통주,014820,2018/01/02,5000,47150
동일고무벨트보통주,163560,2018/01/02,500,8150
동일금속,109860,2018/01/02,500,7350
동일기연,032960,2018/01/02,500,13600
동일산업보통주,004890,2018/01/02,5000,67300
동일제강보통주,002690,2018/01/02,500,3290
동일철강,023790,2018/01/02,500,3850
동진쎄미켐,005290,2018/01/02,500,20700
동화기업,025900,2018/01/02,500,31350
동화약품보통주,000020,2018/01/02,1000,9870
두산건설보통주,011160,2018/01/02,500,2930
두산밥캣보통주,241560,2018/01/02,500,36100
두산보통주,000150,2018/01/02,5000,113500
두산에너빌리티보통주,034020,2018/01/02,5000,15600
두산테스나,131970,2018/01/02,500,13700
두올보통주,016740,2018/01/02,2500,6020
듀오백,073190,2018/01/02,500,2075
드래곤플라이,030350,2018/01/02,500,4360
드림시큐리티,203650,2018/01/02,100,3635
드림어스컴퍼니,060570,2018/01/02,500,5550
디딤이앤에프,217620,2018/01/02,100,2145
디모아,016670,2018/01/02,500,1710
디바이스이엔지,187870,2018/01/02,500,10850
디스플레이테크,066670,2018/01/02,500,3790
디씨엠보통주,024090,2018/01/02,500,12250
디아이보통주,003160,2018/01/02,500,5150
디아이씨 보통주,092200,2018/01/02,500,8070
디아크,078590,2018/01/02,500,2120
디알비동일보통주,004840,2018/01/02,500,7850
디알텍,214680,2018/01/02,100,1880
디앤씨미디어,263720,2018/01/02,500,7410
디에스씨인베스트먼트,241520,2018/01/02,500,5610
디에스앤엘,141020,2018/01/02,500,1450
디에스케이,109740,2018/01/02,500,10350
디에스티,033430,2018/01/02,500,5030
디에이치오토웨어,025440,2018/01/02,500,1755
디에이테크놀로지,196490,2018/01/02,500,11950
디에이피,066900,2018/01/02,500,2935
디엑스앤브이엑스,180400,2018/01/02,500,39300
디엔에이링크,127120,2018/01/02,500,6190
디엔에프,092070,2018/01/02,500,14300
디엔오토모티브보통주,007340,2018/01/02,500,31500
디엠에스,068790,2018/01/02,500,6730
디오,039840,2018/01/02,500,35300
디와이디,219550,2018/01/02,100,1865
디와이보통주,013570,2018/01/02,500,6470
디와이파워보통주,210540,2018/01/02,500,19750
디와이피엔에프,104460,2018/01/02,500,3655
디이엔티,079810,2018/01/02,500,4235
디젠스,113810,2018/01/02,500,1680
디지아이,043360,2018/01/02,500,3185
디지털대성,068930,2018/01/02,500,3870
디지틀조선일보,033130,2018/01/02,500,2075
디케이락,105740,2018/01/02,500,4770
디티앤씨,187220,2018/01/02,500,8550
딜리,131180,2018/01/02,100,2490
라온시큐어,042510,2018/01/02,500,3130
라이온켐텍,171120,2018/01/02,500,14200
라이트론,069540,2018/01/02,500,5410
락앤락보통주,115390,2018/01/02,500,26800
램테크놀러지,171010,2018/01/02,500,4105
랩지노믹스,084650,2018/01/02,500,10800
러셀,217500,2018/01/02,100,2030
럭슬,033600,2018/01/02,500,2855
레고켐바이오사이언스,141080,2018/01/02,500,42350
레드로버,060300,2018/01/02,500,4120
레드캡투어,038390,2018/01/02,500,15650
레이언스,228850,2018/01/02,500,18900
레이젠,047440,2018/01/02,500,654
레이크머티리얼즈,281740,2018/01/02,100,1945
로보로보,215100,2018/01/02,100,3205
로보스타,090360,2018/01/02,500,19500
로스웰인터내셔널,900260,2018/01/02,0,1935
로엔엔터테인먼트,016170,2018/01/02,500,110200
로지시스,067730,2018/01/02,500,3625
로체시스템즈,071280,2018/01/02,500,5160
롯데관광개발 보통주,032350,2018/01/02,500,11550
롯데손해보험보통주,000400,2018/01/02,1000,2865
롯데쇼핑 보통주,023530,2018/01/02,5000,200500
롯데정밀화학보통주,004000,2018/01/02,5000,66500
롯데제과보통주,280360,2018/01/02,500,147000
롯데지주보통주,004990,2018/01/02,200,65500
롯데칠성음료보통주,005300,2018/01/02,5000,1337000
롯데케미칼보통주,011170,2018/01/02,5000,360500
롯데푸드보통주,002270,2018/01/02,5000,565000
롯데하이마트보통주,071840,2018/01/02,5000,69300
루멘스,038060,2018/01/02,500,4335
루트로닉,085370,2018/01/02,500,11700
룽투코리아,060240,2018/01/02,500,8030
리노공업,058470,2018/01/02,500,56700
리노스,039980,2018/01/02,500,2320
리더스 기술투자,019570,2018/01/02,500,580
리더스코스메틱,016100,2018/01/02,500,19650
리드,197210,2018/01/02,100,1210
리드코프,012700,2018/01/02,500,5980
링네트,042500,2018/01/02,500,3825
마니커보통주,027740,2018/01/02,500,648
마이다스 코스피200커버드콜5%OTM증권상장지수투자신탁(주식),137930,2018/01/02,0,14025
마이크로컨텍솔루션,098120,2018/01/02,500,4805
마이크로프랜드,147760,2018/01/02,500,9120
마제스타,035480,2018/01/02,500,1475
마크로젠,038290,2018/01/02,500,39150
만도보통주,204320,2018/01/02,5000,307000
맘스터치앤컴퍼니,220630,2018/01/02,100,2295
매일유업,267980,2018/01/02,500,69300
매일홀딩스,005990,2018/01/02,500,15550
매직마이크로,127160,2018/01/02,100,1245
매커스,093520,2018/01/02,500,4220
맥스로텍,141070,2018/01/02,500,1505
맥쿼리한국인프라투융자회사 보통주,088980,2018/01/02,0,8220
멀티캠퍼스,067280,2018/01/02,500,32700
메가스터디,072870,2018/01/02,500,31600
메가스터디교육,215200,2018/01/02,500,58000
메가엠디,133750,2018/01/02,500,2645
메디아나,041920,2018/01/02,500,9700
메디앙스,014100,2018/01/02,500,12450
메디콕스,054180,2018/01/02,500,1860
메디톡스,086900,2018/01/02,500,498400
메디포스트,078160,2018/01/02,500,122000
메디프론디비티,065650,2018/01/02,500,6050
메리츠금융지주회사보통주,138040,2018/01/02,500,15350
메리츠증권보통주,008560,2018/01/02,1000,4550
메리츠화재해상보험보통주,000060,2018/01/02,500,23350
메지온,140410,2018/01/02,500,42650
메카로,241770,2018/01/02,500,42700
메타랩스보통주,090370,2018/01/02,500,3745
메타바이오메드,059210,2018/01/02,500,3730
멕아이씨에스,058110,2018/01/02,500,5050
멜파스,096640,2018/01/02,500,4285
명문제약 보통주,017180,2018/01/02,500,6210
모나리자보통주,012690,2018/01/02,500,5050
모나미보통주,005360,2018/01/02,1000,2930
모다이노칩,080420,2018/01/02,500,10950
모다정보통신,149940,2018/01/02,500,8650
모두투어네트워크,080160,2018/01/02,500,32400
모두투어리츠보통주,204210,2018/01/02,5000,3880
모바일어플라이언스,087260,2018/01/02,500,9470
모베이스,101330,2018/01/02,500,6410
모베이스전자,012860,2018/01/02,500,2345
모비스,250060,2018/01/02,100,1720
모토닉보통주,009680,2018/01/02,500,9200
모트렉스,118990,2018/01/02,500,31750
모헨즈,006920,2018/01/02,500,6280
무궁화인포메이션테크놀로지,038340,2018/01/02,500,3600
무림에스피,001810,2018/01/02,500,2815
무림페이퍼보통주,009200,2018/01/02,2500,2440
무림피앤피보통주,009580,2018/01/02,2500,4560
무학보통주,033920,2018/01/02,200,19650
문배철강보통주,008420,2018/01/02,500,2800
미래나노텍,095500,2018/01/02,500,4985
미래산업보통주,025560,2018/01/02,100,223
미래생명자원,218150,2018/01/02,100,2995
미래아이앤지보통주,007120,2018/01/02,500,560
미래에셋 TIGER 200IT레버리지증권상장지수투자신탁(주식-파생형),243880,2018/01/02,0,32150
미래에셋 TIGER 200선물레버리지증권상장지수투자신탁(주식-파생형),267770,2018/01/02,0,13405
미래에셋 TIGER 200선물인버스2X증권상장지수투자신탁(주식-파생형),252710,2018/01/02,0,5825
미래에셋 TIGER 200에너지화학레버리지증권상장지수투자신탁(주식-파생형),243890,2018/01/02,0,16590
미래에셋 TIGER S&P500선물 증권상장지수투자신탁(주식-파생형),143850,2018/01/02,0,31770
미래에셋 TIGER 구리실물 특별자산상장지수투자신탁(금속),160580,2018/01/02,0,7425
미래에셋 TIGER 글로벌헬스케어 증권상장지수투자신탁(주식-파생형)(합성),248270,2018/01/02,0,10480
미래에셋 TIGER 금속선물 특별자산상장지수투자신탁(금속-파생형),139310,2018/01/02,0,6245
미래에셋 TIGER 금은선물 특별자산상장지수투자신탁(금속-파생형),139320,2018/01/02,0,7825
미래에셋 TIGER 농산물선물 특별자산상장지수투자신탁(농산물-파생형),137610,2018/01/02,0,5320
미래에셋 TIGER 단기채권액티브증권상장지수투자신탁(채권),272580,2018/01/02,0,50035
미래에셋 TIGER 단기통안채증권상장지수투자신탁(채권),157450,2018/01/02,0,100045
미래에셋 TIGER 대만증권상장지수투자신탁(주식-파생형)(H),253990,2018/01/02,0,12075
미래에셋 TIGER 레버리지 증권상장지수투자신탁(주식-파생형),123320,2018/01/02,0,16335
미래에셋 TIGER 미국달러선물레버리지특별자산상장지수투자신탁(달러-파생형),261110,2018/01/02,0,7855
미래에셋 TIGER 미국달러선물인버스2X특별자산상장지수투자신탁(달러-파생형),261120,2018/01/02,0,12525
미래에셋 TIGER 원유선물 특별자산상장지수투자신탁(원유-파생형),130680,2018/01/02,0,4410
미래에셋 TIGER 인도레버리지증권상장지수투자신탁(주식혼합-파생형)(합성),236350,2018/01/02,0,14660
미래에셋 TIGER 인버스 증권상장지수투자신탁(주식-파생형),123310,2018/01/02,0,6445
미래에셋 TIGER 일본헬스케어 증권상장지수투자신탁(주식-파생형)(합성),248260,2018/01/02,0,9330
미래에셋 TIGER 중국소비테마 증권상장지수투자신탁(주식),150460,2018/01/02,0,8665
미래에셋 TIGER 코스닥150 레버리지증권상장지수투자신탁(주식-파생형),233160,2018/01/02,0,21205
미래에셋 TIGER 코스닥150인버스증권상장지수투자신탁(주식-파생형),250780,2018/01/02,0,6485
미래에셋 TIGER모닝스타글로벌자원생산기업증권상장지수투자신탁(주식-파생형)(합성H),276000,2018/01/02,0,11170
미래에셋TIGERMSCIEM레버리지증권상장지수투자신탁(주식혼합-파생형)(합성 H),225060,2018/01/02,0,15045
미래에셋TIGERS&P500레버리지증권상장지수투자신탁(주식혼합-파생형)(합성 H),225040,2018/01/02,0,15520
미래에셋TIGERS&P500인버스선물증권상장지수투자신탁(주식-파생형)(H),225030,2018/01/02,0,7335
미래에셋TIGER나스닥바이오증권상장지수투자신탁(주식),203780,2018/01/02,0,13300
미래에셋TIGER단기선진국하이일드증권상장지수투자신탁(채권-파생형)(합성 H),182490,2018/01/02,0,11130
미래에셋TIGER모닝스타글로벌4차산업혁신기술증권상장지수투자신탁(주식-파생형)합성H,275980,2018/01/02,0,10850
미래에셋TIGER원유인버스선물특별자산상장지수투자신탁(원유-파생형)(H),217770,2018/01/02,0,10815
미래에셋TIGER유로스탁스50레버리지증권상장지수투자신탁(주식혼합-파생형)(합성 H),225050,2018/01/02,0,8840
미래에셋TIGER유로스탁스50증권상장지수투자신탁(주식-파생형)(합성 H),195930,2018/01/02,0,11485
미래에셋TIGER일본증권상장지수투자신탁(주식-파생형)(합성 H),195920,2018/01/02,0,15080
미래에셋TIGER차이나A300증권상장지수자투자신탁(주식-파생형),192090,2018/01/02,0,8935
미래에셋TIGER차이나A레버리지증권상장지수투자신탁(주식혼합-파생재간접형)(합성),204480,2018/01/02,0,21600
미래에셋TIGER차이나A인버스증권상장지수투자신탁(채권혼합-파생형)(합성),217780,2018/01/02,0,12220
미래에셋대우기업인수목적1호,265480,2018/01/02,100,2010
미래에셋맵스아시아퍼시픽부동산공모1호,094800,2018/01/02,0,3790
미래에셋생명보험보통주,085620,2018/01/02,5000,5160
미래에셋제3호기업인수목적,215750,2018/01/02,100,2025
미래에셋증권보통주,006800,2018/01/02,5000,9240
미래컴퍼니,049950,2018/01/02,500,92500
미래테크놀로지,213090,2018/01/02,500,10200
미스터블루,207760,2018/01/02,100,3340
미원상사보통주,002840,2018/01/02,5000,223500
미원스페셜티케미칼보통주,268280,2018/01/02,500,57600
미원홀딩스 보통주,107590,2018/01/02,500,48700
미원화학보통주,134380,2018/01/02,1000,58700
미창석유공업보통주,003650,2018/01/02,5000,84800
미코,059090,2018/01/02,500,3970
미투온,201490,2018/01/02,500,8120
바디텍메드,206640,2018/01/02,1000,19200
바른손,018700,2018/01/02,1000,3560
바른손이앤에이,035620,2018/01/02,500,1840
바이넥스,053030,2018/01/02,500,11600
바이오니아,064550,2018/01/02,500,9600
바이오로그디바이스,208710,2018/01/02,100,2490
바이오스마트,038460,2018/01/02,500,4830
바이오톡스텍,086040,2018/01/02,500,7230
바이온,032980,2018/01/02,500,1825
바텍,043150,2018/01/02,500,33650
백광산업보통주,001340,2018/01/02,500,2680
백금티앤에이,046310,2018/01/02,500,5330
백산보통주,035150,2018/01/02,500,6910
버킷스튜디오,066410,2018/01/02,500,810
범양건영보통주,002410,2018/01/02,1000,1840
베노홀딩스,206400,2018/01/02,100,2200
베뉴지,019010,2018/01/02,5000,11750
베셀,177350,2018/01/02,500,7080
벽산보통주,007210,2018/01/02,500,4180
보광산업,225530,2018/01/02,500,6090
보라티알,250000,2018/01/02,500,13800
보락보통주,002760,2018/01/02,200,1110
보령보통주,003850,2018/01/02,2500,47850
보성파워텍,006910,2018/01/02,500,2595
보타바이오,026260,2018/01/02,500,479
보해양조보통주,000890,2018/01/02,500,992
본느,226340,2018/01/02,100,2000
부-스타,008470,2018/01/02,500,5140
부광약품보통주,003000,2018/01/02,500,23800
부국증권보통주,001270,2018/01/02,5000,25100
부국철강 보통주,026940,2018/01/02,500,2780
부방,014470,2018/01/02,500,3085
부산도시가스보통주,015350,2018/01/02,5000,35700
부산산업보통주,011390,2018/01/02,5000,29900
부산주공보통주,005030,2018/01/02,500,1145
뷰웍스,100120,2018/01/02,500,41450
브리지텍,064480,2018/01/02,500,6030
브이원텍,251630,2018/01/02,500,48300
브이티지엠피,018290,2018/01/02,500,4060
블레이드엔터테인먼트,044480,2018/01/02,500,7380
블루콤,033560,2018/01/02,500,6800
비덴트,121800,2018/01/02,500,28750
비디아이,148140,2018/01/02,500,10650
비보존제약,082800,2018/01/02,500,1035
비비안보통주,002070,2018/01/02,1000,7500
비상교육 보통주,100220,2018/01/02,500,11900
비씨월드제약,200780,2018/01/02,200,22650
비아트론,141000,2018/01/02,500,21050
비에이치,090460,2018/01/02,500,26050
비에이치아이,083650,2018/01/02,500,3950
비엔지티,032790,2018/01/02,500,8000
비엘,142760,2018/01/02,500,10950
비엘팜텍,065170,2018/01/02,500,1650
비엠티,086670,2018/01/02,500,6190
비즈니스온커뮤니케이션,138580,2018/01/02,500,9340
비지에프에코머티리얼즈,126600,2018/01/02,500,4740
비츠로셀,082920,2018/01/02,500,14500
비츠로시스,054220,2018/01/02,500,1265
비츠로테크,042370,2018/01/02,500,4950
비케이탑스보통주,030790,2018/01/02,500,1625
비케이홀딩스,050090,2018/01/02,500,893
비트컴퓨터,032850,2018/01/02,500,5800
빅솔론,093190,2018/01/02,500,6720
빅텍,065450,2018/01/02,200,3765
빙그레보통주,005180,2018/01/02,5000,65100
빛샘전자,072950,2018/01/02,500,5940
사람인에이치알,143240,2018/01/02,500,21350
사조대림보통주,003960,2018/01/02,5000,24200
사조동아원보통주,008040,2018/01/02,500,1425
사조산업보통주,007160,2018/01/02,5000,68800
사조씨푸드보통주,014710,2018/01/02,1000,6190
사조오양보통주,006090,2018/01/02,5000,13150
사조해표보통주,079660,2018/01/02,5000,11150
사파이어테크놀로지,123260,2018/01/02,500,1870
삼기,122350,2018/01/02,100,3635
삼륭물산,014970,2018/01/02,500,5070
삼목에스폼,018310,2018/01/02,500,12150
삼보모터스,053700,2018/01/02,500,6750
삼보산업,009620,2018/01/02,500,8160
삼보판지,023600,2018/01/02,500,7020
삼부토건보통주,001470,2018/01/02,5000,7130
삼성 KODEX 200선물인버스2X증권상장지수투자신탁(주식-파생형),252670,2018/01/02,0,5750
삼성 KODEX 3대농산물선물특별자산상장지수투자신탁[농산물-파생형](H),271060,2018/01/02,0,8955
삼성 KODEX S&P글로벌인프라증권상장지수투자신탁[주식-파생형](합성),269420,2018/01/02,0,10115
삼성 KODEX WTI원유선물인버스특별자산상장지수투자신탁(원유-파생형)(H),271050,2018/01/02,0,15220
삼성 KODEX WTI원유선물특별자산상장지수투자신탁[원유-파생형](H),261220,2018/01/02,0,20895
삼성 KODEX 골드선물인버스특별자산상장지수투자신탁[금-파생형](H),280940,2018/01/02,0,9795
삼성 KODEX 골드선물특별자산상장지수투자신탁(금-파생형)(H),132030,2018/01/02,0,9805
삼성 KODEX 구리선물특별자산상장지수투자신탁(구리-파생형)(H),138910,2018/01/02,0,6800
삼성 KODEX 글로벌4차산업로보틱스증권상장지수투자신탁(주식-파생형)(합성),276990,2018/01/02,0,10760
삼성 KODEX 단기변동금리부채권액티브증권상장지수투자신탁[채권],273140,2018/01/02,0,100040
삼성 KODEX 미국달러선물레버리지특별자산상장지수투자신탁(미국달러-파생형),261250,2018/01/02,0,7825
삼성 KODEX 미국달러선물인버스2X특별자산상장지수투자신탁(미국달러-파생형),261260,2018/01/02,0,12550
삼성 KODEX 미국달러선물인버스특별자산상장지수투자신탁(미국달러-파생형),261270,2018/01/02,0,11245
삼성 KODEX 미국달러선물특별자산상장지수투자신탁(미국달러-파생형),261240,2018/01/02,0,8920
삼성 KODEX 미국러셀2000증권상장지수투자신탁[주식-파생형](H),280930,2018/01/02,0,10405
삼성 KODEX 미국에너지 증권상장지수투자신탁[주식-파생형](합성),218420,2018/01/02,0,8750
삼성 KODEX 은선물특별자산상장지수투자신탁(은-파생형)(H),144600,2018/01/02,0,3990
삼성 KODEX 종합채권(AA-이상)액티브증권상장지수투자신탁[채권],273130,2018/01/02,0,99525
삼성 KODEX 차이나CSI300증권상장지수투자신탁[주식-파생형],283580,2018/01/02,0,10145
삼성 KODEX 차이나FTSE China A50증권상장지수투자신탁[주식-파생형],169950,2018/01/02,0,16635
삼성 KODEX 차이나H레버리지증권상장지수투자신탁(주식-파생형)(H),204450,2018/01/02,0,10095
삼성 KODEX 차이나심천ChiNext증권상장지수투자신탁[주식-파생형](합성),256750,2018/01/02,0,7830
삼성 KODEX 코스닥150 레버리지증권상장지수투자신탁(주식-파생형),233740,2018/01/02,0,20440
삼성 KODEX 코스닥150인버스증권상장지수투자신탁(주식-파생형),251340,2018/01/02,0,6425
삼성 KODEX 콩선물특별자산상장지수투자신탁(콩-파생형)(H),138920,2018/01/02,0,10145
삼성KODEX MSCI독일증권상장지수투자신탁[주식-파생형](합성),200050,2018/01/02,0,10915
삼성KODEX S&P500선물증권상장지수투자신탁[주식-파생형](H),219480,2018/01/02,0,12855
삼성KODEX10년국채선물인버스증권상장지수투자신탁[채권-파생형],176950,2018/01/02,0,48575
삼성KODEX10년국채선물증권상장지수투자신탁[채권-파생형],152380,2018/01/02,0,64445
삼성KODEX단기채권PLUS증권상장지수투자신탁[채권],214980,2018/01/02,0,100045
삼성KODEX단기채권증권상장지수투자신탁[채권],153130,2018/01/02,0,100045
삼성KODEX레버리지증권상장지수투자신탁[주식-파생형],122630,2018/01/02,0,17800
삼성KODEX미국IT증권상장지수투자신탁[주식-파생형](합성),200020,2018/01/02,0,17395
삼성KODEX미국금융증권상장지수투자신탁[주식-파생형](합성),200040,2018/01/02,0,15485
삼성KODEX미국바이오테크증권상장지수투자신탁[주식-파생형](합성),185680,2018/01/02,0,20140
삼성KODEX미국산업재증권상장지수투자신탁[주식-파생형](합성),200030,2018/01/02,0,14235
삼성KODEX인버스증권상장지수투자신탁[주식-파생형],114800,2018/01/02,0,5940
삼성SDI보통주,006400,2018/01/02,5000,212000
삼성공조보통주,006660,2018/01/02,500,11500
삼성물산보통주,028260,2018/01/02,100,127500
삼성바이오로직스보통주,207940,2018/01/02,2500,389500
삼성생명보험보통주,032830,2018/01/02,500,122500
삼성에스디에스보통주,018260,2018/01/02,500,202000
삼성엔지니어링보통주,028050,2018/01/02,5000,13050
삼성전기보통주,009150,2018/01/02,5000,101000
삼성전자보통주,005930,2018/01/02,5000,2551000
삼성제약,001360,2018/01/02,500,4365
삼성중공업보통주,010140,2018/01/02,5000,7650
삼성증권보통주,016360,2018/01/02,5000,36700
삼성출판사보통주,068290,2018/01/02,500,11950
삼성카드 보통주,029780,2018/01/02,5000,39000
삼성화재해상보험보통주,000810,2018/01/02,500,265500
삼아알미늄보통주,006110,2018/01/02,500,3235
삼아제약,009300,2018/01/02,1000,16550
삼양사보통주,145990,2018/01/02,5000,93300
삼양식품보통주,003230,2018/01/02,5000,103500
삼양옵틱스,225190,2018/01/02,500,17800
삼양통상보통주,002170,2018/01/02,5000,40950
삼양패키징보통주,272550,2018/01/02,5000,20450
삼양홀딩스보통주,000070,2018/01/02,5000,121500
삼영무역보통주,002810,2018/01/02,500,18200
삼영엠텍,054540,2018/01/02,500,4055
삼영이엔씨,065570,2018/01/02,500,8870
삼영전자공업보통주,005680,2018/01/02,500,13000
삼영화학공업보통주,003720,2018/01/02,500,1125
삼원강재 보통주,023000,2018/01/02,500,3295
삼익THK보통주,004380,2018/01/02,500,21400
삼익악기보통주,002450,2018/01/02,500,2350
삼일,032280,2018/01/02,1000,2050
삼일기업공사,002290,2018/01/02,500,2925
삼일씨엔에스보통주,004440,2018/01/02,1000,12500
삼일제약보통주,000520,2018/01/02,1000,9020
삼정펄프 보통주,009770,2018/01/02,5000,41800
삼지전자,037460,2018/01/02,500,8490
삼진,032750,2018/01/02,500,9700
삼진엘앤디,054090,2018/01/02,500,2340
삼진제약보통주,005500,2018/01/02,1000,35850
삼천당제약,000250,2018/01/02,500,18400
삼천리보통주,004690,2018/01/02,5000,115000
삼천리자전거,024950,2018/01/02,500,9520
삼표시멘트,038500,2018/01/02,500,3145
삼현철강,017480,2018/01/02,500,4230
삼호개발 보통주,010960,2018/01/02,500,4510
삼화네트웍스,046390,2018/01/02,200,1360
삼화왕관보통주,004450,2018/01/02,5000,51200
삼화전기보통주,009470,2018/01/02,1000,18600
삼화전자공업보통주,011230,2018/01/02,1000,5100
삼화콘덴서공업보통주,001820,2018/01/02,1000,42950
삼화페인트공업보통주,000390,2018/01/02,500,7370
상보,027580,2018/01/02,500,1835
상상인,038540,2018/01/02,1000,12850
상상인인더스트리,101000,2018/01/02,500,2800
상상인증권보통주,001290,2018/01/02,1000,1380
상신브레이크보통주,041650,2018/01/02,500,7560
상신이디피,091580,2018/01/02,500,8450
상신전자,263810,2018/01/02,500,21500
상아프론테크,089980,2018/01/02,500,14600
상지카일룸,042940,2018/01/02,500,1285
새로닉스,042600,2018/01/02,500,7670
새론오토모티브,075180,2018/01/02,500,7430
샘표보통주,007540,2018/01/02,1000,30450
샘표식품보통주,248170,2018/01/02,500,36150
서린바이오사이언스,038070,2018/01/02,500,12150
서부티엔디,006730,2018/01/02,500,12550
서산,079650,2018/01/02,100,4050
서암기계공업,100660,2018/01/02,500,3210
서연보통주,007860,2018/01/02,500,7340
서연이화보통주,200880,2018/01/02,500,9880
서연탑메탈,019770,2018/01/02,500,3595
서울도시가스보통주,017390,2018/01/02,5000,93700
서울리거,043710,2018/01/02,500,4145
서울반도체,046890,2018/01/02,500,27350
서울식품공업보통주,004410,2018/01/02,100,263
서울옥션,063170,2018/01/02,500,9200
서울전자통신,027040,2018/01/02,500,1230
서울제약,018680,2018/01/02,500,11150
서원보통주,021050,2018/01/02,500,1150
서원인텍,093920,2018/01/02,500,8190
서전기전,189860,2018/01/02,500,7220
서진시스템,178320,2018/01/02,500,36900
서진오토모티브,122690,2018/01/02,500,4620
서플러스글로벌,140070,2018/01/02,100,7410
서한,011370,2018/01/02,500,2360
서호전기,065710,2018/01/02,500,14350
서흥보통주,008490,2018/01/02,500,32150
서희건설,035890,2018/01/02,500,1245
선광,003100,2018/01/02,1000,18750
선도전기보통주,007610,2018/01/02,500,3360
선앤엘보통주,002820,2018/01/02,1000,7700
선익시스템,171090,2018/01/02,500,25800
선진보통주,136490,2018/01/02,500,15600
성광벤드,014620,2018/01/02,500,10150
성도이엔지,037350,2018/01/02,500,6840
성문전자보통주,014910,2018/01/02,500,2330
성보화학보통주,003080,2018/01/02,500,6070
성신양회보통주,004980,2018/01/02,5000,5640
성안보통주,011300,2018/01/02,500,650
성우전자,081580,2018/01/02,500,4390
성우테크론,045300,2018/01/02,500,4190
성우하이텍,015750,2018/01/02,500,6420
성지건설보통주,005980,2018/01/02,500,772
성창기업지주보통주,000180,2018/01/02,500,2620
성창오토텍,080470,2018/01/02,500,8410
성호전자,043260,2018/01/02,500,988
세기상사보통주,002420,2018/01/02,5000,73900
세동,053060,2018/01/02,500,1005
세명전기공업,017510,2018/01/02,500,5960
세방보통주,004360,2018/01/02,500,12800
세방전지보통주,004490,2018/01/02,500,35950
세보엠이씨,011560,2018/01/02,500,12450
세아베스틸지주보통주,001430,2018/01/02,5000,29050
세아제강지주보통주,003030,2018/01/02,5000,96900
세아특수강보통주,019440,2018/01/02,5000,20050
세아홀딩스보통주,058650,2018/01/02,5000,152000
세영디앤씨,052190,2018/01/02,500,4000
세우글로벌보통주,013000,2018/01/02,500,1830
세운메디칼,100700,2018/01/02,100,3680
세원물산,024830,2018/01/02,500,6720
세원이앤씨보통주,091090,2018/01/02,500,3485
세이브존I&C보통주,067830,2018/01/02,1000,4880
세종공업보통주,033530,2018/01/02,500,7450
세종텔레콤,036630,2018/01/02,500,629
세중,039310,2018/01/02,500,3070
세진중공업보통주,075580,2018/01/02,500,2930
세진티에스,067770,2018/01/02,500,2700
세코닉스,053450,2018/01/02,500,13500
세토피아,222810,2018/01/02,100,2100
세하보통주,027970,2018/01/02,1000,1500
세화피앤씨,252500,2018/01/02,100,2330
센트럴인사이트보통주,012600,2018/01/02,5000,3140
셀루메드,049180,2018/01/02,500,10300
셀바스에이아이,108860,2018/01/02,500,4740
셀바스헬스케어,208370,2018/01/02,500,6890
셀트리온,068270,2018/01/02,1000,225900
셀트리온제약,068760,2018/01/02,500,62600
셀트리온헬스케어,091990,2018/01/02,1000,106700
셀피글로벌,068940,2018/01/02,200,2395
소니드,060230,2018/01/02,500,1240
소리바다,053110,2018/01/02,500,1930
소프트센,032680,2018/01/02,500,1775
소프트캠프,258790,2018/01/02,100,1975
손오공,066910,2018/01/02,500,3750
솔고바이오메디칼,043100,2018/01/02,500,678
솔루에타,154040,2018/01/02,500,5500
솔본,035610,2018/01/02,500,5660
솔브레인홀딩스,036830,2018/01/02,500,65800
송원산업보통주,004430,2018/01/02,500,26450
쇼박스,086980,2018/01/02,500,5390
수산아이앤티,050960,2018/01/02,500,9140
수산중공업보통주,017550,2018/01/02,500,1410
수성샐바시온,084180,2018/01/02,500,5050
슈프리마,236200,2018/01/02,500,23450
슈프리마에이치큐,094840,2018/01/02,500,5730
슈피겐코리아,192440,2018/01/02,500,45400
스마트솔루션즈,136510,2018/01/02,500,14250
스맥,099440,2018/01/02,500,3900
스카이문스테크놀로지,033790,2018/01/02,500,4410
스킨앤스킨,159910,2018/01/02,100,805
스타플렉스,115570,2018/01/02,500,5300
스튜디오 산타클로스 엔터테인먼트,204630,2018/01/02,100,3700
스튜디오드래곤 주식회사,253450,2018/01/02,500,65800
스틱인베스트먼트보통주,026890,2018/01/02,500,4135
스틸플라워,087220,2018/01/02,500,266
스페로 글로벌,028040,2018/01/02,500,2255
스페코,013810,2018/01/02,500,4040
승일,049830,2018/01/02,500,9800
시공테크,020710,2018/01/02,500,6890
시그네틱스,033170,2018/01/02,500,1310
시너지이노베이션,048870,2018/01/02,500,2050
시노펙스,025320,2018/01/02,500,5030
시디즈보통주,134790,2018/01/02,500,42200
시스웍,269620,2018/01/02,100,4070
시큐브,131090,2018/01/02,100,1825
시티랩스,139050,2018/01/02,500,4405
신대양제지보통주,016590,2018/01/02,5000,35350
신도리코보통주,029530,2018/01/02,5000,63000
신라교역보통주,004970,2018/01/02,500,16450
신라섬유,001000,2018/01/02,100,2715
신라에스지,025870,2018/01/02,500,5690
신라젠,215600,2018/01/02,500,102500
신성델타테크,065350,2018/01/02,500,5670
신성이엔지보통주,011930,2018/01/02,500,1935
신세계건설,034300,2018/01/02,5000,26500
신세계보통주,004170,2018/01/02,5000,290000
신세계아이앤씨 보통주,035510,2018/01/02,5000,82500
신세계인터내셔날보통주,031430,2018/01/02,5000,73800
신세계푸드보통주,031440,2018/01/02,5000,131500
신송홀딩스보통주,006880,2018/01/02,500,5730
신신제약,002800,2018/01/02,500,7700
신영와코루보통주,005800,2018/01/02,5000,150000
신원보통주,009270,2018/01/02,500,2320
신원종합개발,017000,2018/01/02,5000,5910
신일전자보통주,002700,2018/01/02,500,1390
신일제약,012790,2018/01/02,500,12000
신진에스엠,138070,2018/01/02,500,7280
신풍제약보통주,019170,2018/01/02,500,7950
신풍제지보통주,002870,2018/01/02,500,812
신한 SOL MSCI선진국증권상장지수투자신탁(주식-파생형)(합성 H),208470,2018/01/02,0,12650
신한 SOL 중국본토중소형CSI500증권상장지수투자신탁(주식-파생형)(합성 H),220130,2018/01/02,0,5130
신한금융지주회사보통주,055550,2018/01/02,5000,49400
신한보통주,005450,2018/01/02,5000,5100
신한제3호기업인수목적,257730,2018/01/02,100,2045
신한제4호기업인수목적,277480,2018/01/02,100,1970
신화인터텍,056700,2018/01/02,500,2470
신화콘텍,187270,2018/01/02,500,5140
신흥보통주,004080,2018/01/02,500,10600
신흥에스이씨,243840,2018/01/02,2500,24050
심텍,222800,2018/01/02,500,10500
심텍홀딩스,036710,2018/01/02,500,2345
심팩메탈로이,090730,2018/01/02,500,7150
싸이맥스,160980,2018/01/02,500,16700
쌍방울,102280,2018/01/02,500,1185
쌍용C&E보통주,003410,2018/01/02,5000,18650
쌍용자동차보통주,003620,2018/01/02,5000,5180
쌍용정보통신,010280,2018/01/02,1000,1335
써니전자보통주,004770,2018/01/02,500,2925
썬코어,051170,2018/01/02,500,1360
썬테크놀로지스,122800,2018/01/02,100,1000
썸에이지,208640,2018/01/02,100,1800
쎄노텍,222420,2018/01/02,100,3255
쎄니트,037760,2018/01/02,500,1630
쎄트렉아이,099320,2018/01/02,500,41300
쎌마테라퓨틱스보통주,015540,2018/01/02,500,6670
쎌바이오텍,049960,2018/01/02,500,39900
쏠리드,050890,2018/01/02,500,4850
씨그널엔터테인먼트그룹,099830,2018/01/02,500,3800
씨비아이,013720,2018/01/02,500,2650
씨씨에스충북방송,066790,2018/01/02,500,615
씨아이에스,222080,2018/01/02,100,1650
씨아이테크보통주,004920,2018/01/02,500,719
씨앤에스자산관리,032040,2018/01/02,2500,4375
씨앤에이치,023460,2018/01/02,2500,1315
씨앤티85,056730,2018/01/02,500,2735
씨에스,065770,2018/01/02,500,1900
씨에스에이코스믹,083660,2018/01/02,500,3800
씨에스윈드보통주,112610,2018/01/02,500,27300
씨엔플러스,115530,2018/01/02,500,3660
씨엠에스에듀,225330,2018/01/02,500,8890
씨유메디칼시스템,115480,2018/01/02,500,2745
씨제이대한통운보통주,000120,2018/01/02,5000,144000
씨제이씨지브이 보통주,079160,2018/01/02,500,75600
씨제이이앤엠,130960,2018/01/02,5000,96100
씨제이이엔엠,035760,2018/01/02,5000,224800
씨제이제일제당 주식회사 보통주,097950,2018/01/02,5000,371500
씨제이프레시웨이,051500,2018/01/02,1000,38500
씨젠,096530,2018/01/02,500,33600
씨큐브,101240,2018/01/02,500,8240
씨티씨바이오,060590,2018/01/02,500,13050
씨티케이,260930,2018/01/02,500,41450
아가방앤컴퍼니,013990,2018/01/02,500,5800
아나패스,123860,2018/01/02,500,22650
아난티,025980,2018/01/02,500,30150
아남전자보통주,008700,2018/01/02,500,2220
아리온테크놀로지,058220,2018/01/02,200,1000
아모레G보통주,002790,2018/01/02,500,146000
아모레퍼시픽 보통주,090430,2018/01/02,500,312500
아모텍,052710,2018/01/02,500,49300
아미노로직스,074430,2018/01/02,100,2190
아미코젠,092040,2018/01/02,500,47800
아바코,083930,2018/01/02,500,7540
아바텍,149950,2018/01/02,500,7710
아비코전자,036010,2018/01/02,500,8720
아세아보통주,002030,2018/01/02,5000,114500
아세아시멘트보통주,183190,2018/01/02,5000,112500
아세아제지보통주,002310,2018/01/02,5000,18200
아센디오보통주,012170,2018/01/02,500,733
아스타,246720,2018/01/02,500,22650
아스트,067390,2018/01/02,500,19200
아시아경제,127710,2018/01/02,500,3100
아시아나항공 보통주,020560,2018/01/02,5000,4670
아우딘퓨쳐스,227610,2018/01/02,500,10400
아이디스,143160,2018/01/02,500,7340
아이디스홀딩스,054800,2018/01/02,500,15500
아이마켓코리아보통주,122900,2018/01/02,500,9030
아이비케이에스제7호기업인수목적,276920,2018/01/02,100,2015
아이센스,099190,2018/01/02,500,25200
아이쓰리시스템,214430,2018/01/02,500,22350
아이씨디,040910,2018/01/02,500,13750
아이앤씨테크놀로지,052860,2018/01/02,500,5900
아이에스동서보통주,010780,2018/01/02,500,34800
아이에스시,095340,2018/01/02,500,19300
아이에스이커머스,069920,2018/01/02,500,3720
아이에이,038880,2018/01/02,500,4020
아이엔지생명보험보통주,079440,2018/01/02,1000,52100
아이엠,101390,2018/01/02,500,3125
아이엠비씨,052220,2018/01/02,500,3305
아이엠텍,226350,2018/01/02,500,2860
아이오케이컴퍼니,078860,2018/01/02,100,477
아이윈,090150,2018/01/02,500,2580
아이윈플러스,123010,2018/01/02,500,3840
아이즈비전,031310,2018/01/02,500,2905
아이진,185490,2018/01/02,500,20400
아이컴포넌트,059100,2018/01/02,500,7630
아이크래프트,052460,2018/01/02,500,6230
아이텍,119830,2018/01/02,500,5090
아이톡시,052770,2018/01/02,500,4430
아이티센,124500,2018/01/02,500,2845
아이티엑스에이아이,099520,2018/01/02,500,1220
아즈텍더블유비이,032080,2018/01/02,500,2015
아진산업,013310,2018/01/02,500,5900
아진엑스텍,059120,2018/01/02,500,13050
아트라스비엑스,023890,2018/01/02,1000,48800
아프리카티비,067160,2018/01/02,500,19400
안국약품,001540,2018/01/02,500,12400
안랩,053800,2018/01/02,500,53300
안트로젠,065660,2018/01/02,500,57000
알루코 보통주,001780,2018/01/02,500,3425
알보젠코리아보통주,002250,2018/01/02,5000,28300
알서포트,131370,2018/01/02,100,2935
알에스오토메이션,140670,2018/01/02,500,27000
알에프세미,096610,2018/01/02,500,6410
알에프에이치아이씨,218410,2018/01/02,500,16200
알에프텍,061040,2018/01/02,500,4965
알엔투테크놀로지,148250,2018/01/02,500,8320
알테오젠,196170,2018/01/02,500,23300
알톤스포츠,123750,2018/01/02,500,3550
알티캐스트,085810,2018/01/02,500,4900
알파홀딩스,117670,2018/01/02,500,13300
애경케미칼보통주,161000,2018/01/02,500,17350
애니젠,196300,2018/01/02,500,28050
애머릿지코퍼레이션,900100,2018/01/02,0.3,3185
액션스퀘어,205500,2018/01/02,500,6430
액토즈소프트,052790,2018/01/02,500,17700
앤디포스,238090,2018/01/02,500,7920
앤씨앤,092600,2018/01/02,500,6850
앱클론 주식회사,174900,2018/01/02,500,69000
야스,255440,2018/01/02,500,28600
어반리튬,073570,2018/01/02,500,6690
어보브반도체,102120,2018/01/02,500,7690
어스앤에어로스페이스,263540,2018/01/02,500,8160
얼라인드제네틱스,238120,2018/01/02,500,12500
에너토크,019990,2018/01/02,500,6130
에넥스보통주,011090,2018/01/02,500,1885
에스넷시스템,038680,2018/01/02,500,5450
에스디생명공학,217480,2018/01/02,500,14700
에스디시스템,121890,2018/01/02,500,6400
에스디엔,099220,2018/01/02,500,1680
에스마크,030270,2018/01/02,500,598
에스맥,097780,2018/01/02,200,1200
에스비더블유생명과학,151910,2018/01/02,100,2330
에스비아이인베스트먼트,019550,2018/01/02,500,1230
에스비에스보통주,034120,2018/01/02,5000,26850
에스비에스콘텐츠허브,046140,2018/01/02,500,9170
에스씨디,042110,2018/01/02,500,1705
에스씨아이평가정보,036120,2018/01/02,500,5770
에스아이리소스,065420,2018/01/02,100,836
에스앤더블류,103230,2018/01/02,500,2800
에스앤씨엔진그룹리미티드,900080,2018/01/02,0,972
에스앤에스텍,101490,2018/01/02,500,4395
에스에너지,095910,2018/01/02,500,7610
에스에이엠티,031330,2018/01/02,500,1935
에스에이치엔엘,050320,2018/01/02,100,3220
에스에이티,060540,2018/01/02,500,1950
에스에프씨,112240,2018/01/02,500,2470
에스에프에이,056190,2018/01/02,500,37900
에스에프에이반도체,036540,2018/01/02,500,2345
에스엔유프리시젼,080000,2018/01/02,500,3895
에스엔케이폴리텍,091340,2018/01/02,500,5640
에스엘바이오닉스,214310,2018/01/02,100,1305
에스엘보통주,005850,2018/01/02,500,24950
에스엠라이프디자인그룹,063440,2018/01/02,500,1235
에스엠벡셀보통주,010580,2018/01/02,500,659
에스엠엔터테인먼트,041510,2018/01/02,500,34750
에스엠컬처앤콘텐츠,048550,2018/01/02,500,2850
에스엠코어,007820,2018/01/02,500,17850
에스와이,109610,2018/01/02,500,6560
에스원보통주,012750,2018/01/02,500,106500
에스제이케이,080440,2018/01/02,500,615
에스지세계물산보통주,004060,2018/01/02,500,906
에스지씨이테크건설,016250,2018/01/02,5000,123900
에스지에이,049470,2018/01/02,500,905
에스지에이 솔루션즈,184230,2018/01/02,100,2430
에스지엔지,040610,2018/01/02,500,2930
에스케이 머티리얼즈,036490,2018/01/02,500,176800
에스케이디스커버리보통주,006120,2018/01/02,5000,84200
에스케이렌터카보통주,068400,2018/01/02,500,10200
에스케이씨 솔믹스,057500,2018/01/02,500,5070
에스케이오션플랜트,100090,2018/01/02,500,5560
에스케이제3호기업인수목적,232330,2018/01/02,100,1995
에스케이하이닉스보통주,000660,2018/01/02,5000,76600
에스코넥,096630,2018/01/02,200,2215
에스텍,069510,2018/01/02,500,11250
에스텍파마,041910,2018/01/02,500,12600
에스트래픽,234300,2018/01/02,500,11650
에스티아이,039440,2018/01/02,500,28500
에스티오,098660,2018/01/02,500,2815
에스티큐브,052020,2018/01/02,500,5700
에스티팜,237690,2018/01/02,500,32200
에스폴리텍,050760,2018/01/02,500,1940
에스피지,058610,2018/01/02,500,6900
에쎈테크,043340,2018/01/02,500,1365
에쓰씨엔지니어링보통주,023960,2018/01/02,500,3765
에이디칩스,054630,2018/01/02,500,2365
에이디테크놀로지,200710,2018/01/02,500,10200
에이루트,096690,2018/01/02,100,643
에이블씨엔씨보통주,078520,2018/01/02,500,17500
에이비프로바이오,195990,2018/01/02,500,1165
에이스침대,003800,2018/01/02,5000,193500
에이스테크놀로지,088800,2018/01/02,500,5850
에이아이비트,039230,2018/01/02,500,1260
에이엔피보통주,015260,2018/01/02,500,893
에이자기관리부동산투자회사보통주,140910,2018/01/02,5000,4800
에이치디씨랩스보통주,039570,2018/01/02,500,14550
에이치디씨현대이피보통주,089470,2018/01/02,500,6840
에이치디현대보통주,267250,2018/01/02,5000,414500
에이치비테크놀러지,078150,2018/01/02,500,3680
에이치시티,072990,2018/01/02,500,9790
에이치알에스,036640,2018/01/02,500,4240
에이치에스디엔진보통주,082740,2018/01/02,1000,3850
에이치엔티일렉트로닉스,176440,2018/01/02,500,3440
에이치엘비,028300,2018/01/02,500,42700
에이치엘비글로벌보통주,003580,2018/01/02,500,4450
에이치엘비생명과학,067630,2018/01/02,500,8580
에이치엘비제약,047920,2018/01/02,500,6600
에이치엘비테라퓨틱스,115450,2018/01/02,500,38400
에이치엘사이언스,239610,2018/01/02,500,34450
에이치엠엠보통주,011200,2018/01/02,5000,5010
에이치케이,044780,2018/01/02,500,1580
에이테크솔루션,071670,2018/01/02,500,12700
에이텍,045660,2018/01/02,500,10950
에이텍티앤,224110,2018/01/02,500,10700
에이트원,230980,2018/01/02,100,3125
에이티넘인베스트먼트,021080,2018/01/02,500,3220
에이티세미콘,089530,2018/01/02,500,610
에이팩트,200470,2018/01/02,500,2740
에이팸,073070,2018/01/02,100,2900
에이프로젠보통주,007460,2018/01/02,500,14200
에이프로젠제약보통주,003060,2018/01/02,500,4280
에이프로젠헬스케어앤게임즈,109960,2018/01/02,500,3440
에이피시스템,265520,2018/01/02,500,35350
에이피에스홀딩스,054620,2018/01/02,500,7620
에이피위성,211270,2018/01/02,500,8390
에임하이글로벌,043580,2018/01/02,500,3190
에치에프알,230240,2018/01/02,100,1975
에코마케팅,230360,2018/01/02,100,17700
에코바이오홀딩스,038870,2018/01/02,500,9650
에코프로,086520,2018/01/02,500,39700
에코플라스틱,038110,2018/01/02,500,1940
에프알텍,073540,2018/01/02,500,3130
에프앤리퍼블릭,064090,2018/01/02,500,2825
에프에스엔,214270,2018/01/02,100,1770
에프에스티,036810,2018/01/02,500,5530
에프엔씨엔터테인먼트,173940,2018/01/02,500,7650
에프엔에스테크,083500,2018/01/02,500,7370
에프티이앤이,065160,2018/01/02,500,5370
엑사이엔씨,054940,2018/01/02,500,1340
엑서지21,043090,2018/01/02,500,6600
엑세스바이오,950130,2018/01/02,0,4695
엑셈,205100,2018/01/02,100,4100
엑스큐어,070300,2018/01/02,500,5870
엑시콘,092870,2018/01/02,500,15450
엔브이에이치코리아,067570,2018/01/02,500,3170
엔시트론,101400,2018/01/02,100,749
엔씨소프트보통주,036570,2018/01/02,500,446500
엔알케이,054340,2018/01/02,500,2570
엔에스쇼핑보통주,138250,2018/01/02,500,16050
엔에스엔,031860,2018/01/02,500,2870
엔에이치기업인수목적7호,217810,2018/01/02,100,2025
엔에이치엔벅스,104200,2018/01/02,500,8250
엔에이치엔한국사이버결제,060250,2018/01/02,500,16700
엔에이치투자증권보통주,005940,2018/01/02,5000,14000
엔이능률,053290,2018/01/02,500,4250
엔지스테크널러지,208860,2018/01/02,500,18900
엔케이 보통주,085310,2018/01/02,500,1285
엔케이맥스,182400,2018/01/02,500,20050
엔텔스,069410,2018/01/02,500,15600
엔투텍,227950,2018/01/02,100,1985
엔피케이,048830,2018/01/02,500,2045
엘디티,096870,2018/01/02,500,3420
엘브이엠씨홀딩스보통주,900140,2018/01/02,0.25,4845
엘비세미콘,061970,2018/01/02,500,2785
엘아이에스,138690,2018/01/02,500,13400
엘앤에프,066970,2018/01/02,500,43100
엘앤케이바이오메드,156100,2018/01/02,500,12800
엘에스전선아시아보통주,229640,2018/01/02,500,6220
엘엑스세미콘,108320,2018/01/02,500,51100
엘엑스하우시스보통주,108670,2018/01/02,5000,96700
엘엠에스,073110,2018/01/02,500,9260
엘오티베큠,083310,2018/01/02,500,16100
엘지헬로비전보통주,037560,2018/01/02,2500,7110
엘컴텍,037950,2018/01/02,500,2220
엘티씨,170920,2018/01/02,500,13900
엠게임,058630,2018/01/02,500,4895
엠벤처투자,019590,2018/01/02,500,352
엠씨넥스,097520,2018/01/02,500,20450
엠에스씨,009780,2018/01/02,500,10300
엠에스오토텍,123040,2018/01/02,500,2520
엠케이전자,033160,2018/01/02,500,11700
엠투엔,033310,2018/01/02,500,1800
엠플러스,259630,2018/01/02,500,20900
엠피대산,065150,2018/01/02,100,1315
엠피씨플러스,050540,2018/01/02,500,2690
연우,115960,2018/01/02,500,30650
연이비앤티,090740,2018/01/02,500,2335
영보화학보통주,014440,2018/01/02,500,4850
영신금속공업,007530,2018/01/02,500,3325
영우디에스피,143540,2018/01/02,500,4925
영원무역보통주,111770,2018/01/02,500,31350
영원무역홀딩스보통주,009970,2018/01/02,500,55700
영진약품보통주,003520,2018/01/02,500,9000
영풍보통주,000670,2018/01/02,5000,1102000
영풍정밀,036560,2018/01/02,500,8700
영풍제지보통주,006740,2018/01/02,500,2905
영화금속보통주,012280,2018/01/02,500,1405
영화테크,265560,2018/01/02,500,18000
영흥보통주,012160,2018/01/02,500,1240
예림당,036000,2018/01/02,500,9150
예선테크,250930,2018/01/02,100,2005
예스이십사,053280,2018/01/02,500,5580
예스코홀딩스보통주,015360,2018/01/02,5000,37800
예스티,122640,2018/01/02,500,50900
오가닉티코스메틱스홀딩스컴퍼니리미티드,900300,2018/01/02,0,3040
오공,045060,2018/01/02,500,5160
오디텍,080520,2018/01/02,500,8610
오뚜기보통주,007310,2018/01/02,5000,807000
오로라월드,039830,2018/01/02,500,10750
오르비텍,046120,2018/01/02,500,3745
오리엔탈정공,014940,2018/01/02,500,984
오리엔트정공,065500,2018/01/02,500,660
오리온보통주,271560,2018/01/02,500,107000
오리온홀딩스보통주,001800,2018/01/02,500,27100
오리콤,010470,2018/01/02,1000,4950
오상자이엘,053980,2018/01/02,500,6250
오성첨단소재,052420,2018/01/02,500,1015
오션브릿지,241790,2018/01/02,500,9970
오스코텍,039200,2018/01/02,500,19100
오스템,031510,2018/01/02,500,5560
오스템임플란트,048260,2018/01/02,500,59100
오이솔루션,138080,2018/01/02,500,12000
오킨스전자,080580,2018/01/02,500,4205
오텍,067170,2018/01/02,500,11300
오픈베이스,049480,2018/01/02,500,3405
옴니시스템,057540,2018/01/02,500,2345
옵투스제약,131030,2018/01/02,500,8080
옵트론텍,082210,2018/01/02,500,6700
옵티시스,109080,2018/01/02,500,6680
와이더블유,051390,2018/01/02,500,3920
와이비엠넷,057030,2018/01/02,500,2900
와이솔,122990,2018/01/02,500,14450
와이아이케이,232140,2018/01/02,100,7160
와이어블,065530,2018/01/02,5000,14950
와이엔텍,067900,2018/01/02,500,4210
와이엠씨,155650,2018/01/02,500,29850
와이엠티,251370,2018/01/02,500,39400
와이오엠,066430,2018/01/02,500,3020
와이제이엠게임즈,193250,2018/01/02,100,3085
와이즈버즈,273060,2018/01/02,100,2010
와이지-원,019210,2018/01/02,500,14950
와이지엔터테인먼트,122870,2018/01/02,500,28600
와이지플러스보통주,037270,2018/01/02,500,2000
와이투솔루션보통주,011690,2018/01/02,500,4925
와이티엔,040300,2018/01/02,1000,2095
와토스 코리아,079000,2018/01/02,500,6500
완리인터내셔널홀딩스,900180,2018/01/02,0,534
우리금융캐피탈보통주,033660,2018/01/02,5000,6970
우리기술,032820,2018/01/02,500,598
우리기술투자,041190,2018/01/02,500,4360
우리넷,115440,2018/01/02,500,6330
우리로,046970,2018/01/02,500,2925
우리바이오,082850,2018/01/02,500,1390
우리산업,215360,2018/01/02,500,35200
우리산업홀딩스,072470,2018/01/02,500,7040
우리손에프앤지 농업회사법인,073560,2018/01/02,500,2350
우리엔터프라이즈,037400,2018/01/02,500,1670
우리은행보통주,000030,2018/01/02,5000,15900
우리이앤엘,153490,2018/01/02,500,1060
우리종합금융보통주,010050,2018/01/02,500,502
우림피티에스,101170,2018/01/02,500,4120
우성보통주,006980,2018/01/02,500,3010
우성아이비,194610,2018/01/02,100,1775
우수AMS,066590,2018/01/02,500,2460
우신시스템보통주,017370,2018/01/02,500,8120
우원개발,046940,2018/01/02,500,3770
우정바이오,215380,2018/01/02,100,2255
우주일렉트로닉스,065680,2018/01/02,500,13100
우진보통주,105840,2018/01/02,500,4835
우진비앤지,018620,2018/01/02,500,4900
우진플라임 보통주,049800,2018/01/02,500,8600
웅진보통주,016880,2018/01/02,500,2320
웅진씽크빅 보통주,095720,2018/01/02,500,7190
웅진에너지보통주,103130,2018/01/02,5000,8480
원림보통주,005820,2018/01/02,5000,23250
원익,032940,2018/01/02,500,5960
원익머트리얼즈,104830,2018/01/02,500,67300
원익아이피에스,240810,2018/01/02,500,32550
원익큐브,014190,2018/01/02,500,1925
원익큐엔씨,074600,2018/01/02,500,16350
원익피앤이,217820,2018/01/02,500,18700
원익피앤이,131390,2018/01/02,500,10450
원익홀딩스,030530,2018/01/02,500,7730
원일특강,012620,2018/01/02,500,9880
원풍,008370,2018/01/02,500,4010
원풍물산,008290,2018/01/02,500,3500
월덱스,101160,2018/01/02,500,6370
웨이브일렉트로닉스,095270,2018/01/02,500,23200
웰바이오텍보통주,010600,2018/01/02,500,3520
웰크론,065950,2018/01/02,500,3160
웰크론한텍,076080,2018/01/02,500,3170
웹스,196700,2018/01/02,500,4650
웹젠,069080,2018/01/02,500,38500
위노바,039790,2018/01/02,500,780
위니아,071460,2018/01/02,500,2820
위닉스,044340,2018/01/02,500,14050
위메이드,112040,2018/01/02,500,52400
위메이드맥스,101730,2018/01/02,500,11150
위메이드플레이,123420,2018/01/02,500,27150
위즈코프,038620,2018/01/02,500,1475
위지트,036090,2018/01/02,500,1715
윈스,136540,2018/01/02,500,12250
윈팩,097800,2018/01/02,500,1170
윈하이텍,192390,2018/01/02,500,4150
윌비스보통주,008600,2018/01/02,1000,1680
유니드 보통주,014830,2018/01/02,5000,46250
유니셈,036200,2018/01/02,500,6400
유니슨,018000,2018/01/02,500,4080
유니온머티리얼보통주,047400,2018/01/02,500,2455
유니온보통주,000910,2018/01/02,500,3885
유니온커뮤니티,203450,2018/01/02,500,3075
유니켐보통주,011330,2018/01/02,500,1305
유니퀘스트 보통주,077500,2018/01/02,500,9850
유니크,011320,2018/01/02,500,6860
유니테스트,086390,2018/01/02,500,12750
유니테크노,241690,2018/01/02,500,12350
유니트론텍,142210,2018/01/02,500,6780
유라테크,048430,2018/01/02,500,8250
유바이오로직스,206650,2018/01/02,500,5760
유비벨록스,089850,2018/01/02,500,9540
유비케어,032620,2018/01/02,500,3915
유비쿼스,264450,2018/01/02,500,26300
유비쿼스홀딩스,078070,2018/01/02,500,6840
유성기업보통주,002920,2018/01/02,500,3550
유성티엔에스,024800,2018/01/02,500,3960
유수홀딩스보통주,000700,2018/01/02,2500,6460
유신,054930,2018/01/02,5000,11950
유아이디,069330,2018/01/02,500,3420
유아이엘,049520,2018/01/02,500,6410
유안타제2호기업인수목적,219960,2018/01/02,100,2015
유안타증권보통주,003470,2018/01/02,5000,3840
유에스티,263770,2018/01/02,100,2210
유엔젤보통주,072130,2018/01/02,500,4355
유유제약보통주,000220,2018/01/02,1000,12350
유진기업,023410,2018/01/02,500,4840
유진기업인수목적3호,221200,2018/01/02,100,2015
유진로봇,056080,2018/01/02,500,5940
유진테크,084370,2018/01/02,500,20300
유진투자증권보통주,001200,2018/01/02,5000,3470
유테크,178780,2018/01/02,500,4150
유티아이,179900,2018/01/02,500,19550
유한양행보통주,000100,2018/01/02,5000,217000
유화증권보통주,003460,2018/01/02,5000,15700
육일씨엔에쓰,191410,2018/01/02,500,5640
율촌화학보통주,008730,2018/01/02,500,20850
율호,072770,2018/01/02,500,1270
이건산업보통주,008250,2018/01/02,5000,9500
이건홀딩스,039020,2018/01/02,1000,3280
이구산업보통주,025820,2018/01/02,500,2145
이글루코퍼레이션,067920,2018/01/02,500,4570
이글벳,044960,2018/01/02,500,5250
이노션보통주,214320,2018/01/02,500,73600
이노시스,056090,2018/01/02,500,12400
이노와이어리스,073490,2018/01/02,500,22400
이노와이즈,086250,2018/01/02,500,1405
이노인스트루먼트,215790,2018/01/02,100,2135
이녹스,088390,2018/01/02,500,13650
이녹스첨단소재,272290,2018/01/02,500,82700
이니텍,053350,2018/01/02,500,7290
이라이콤,041520,2018/01/02,500,7040
이랜시스,264850,2018/01/02,100,2015
이랜텍,054210,2018/01/02,500,4480
이루온,065440,2018/01/02,500,2670
이마트보통주,139480,2018/01/02,5000,262000
이매진아시아,036260,2018/01/02,500,1785
이미지스테크놀로지,115610,2018/01/02,500,4790
이베스트기업인수목적3호,225440,2018/01/02,100,2010
이베스트투자증권,078020,2018/01/02,5000,10800
이브이첨단소재,131400,2018/01/02,500,2205
이상네트웍스,080010,2018/01/02,500,8810
이수앱지스,086890,2018/01/02,500,9900
이수페타시스보통주,007660,2018/01/02,1000,4225
이수화학보통주,005950,2018/01/02,5000,15250
이스타코보통주,015020,2018/01/02,500,829
이스트소프트,047560,2018/01/02,500,6930
이스트아시아홀딩스인베스트먼트리미티드,900110,2018/01/02,0,533
이아이디보통주,093230,2018/01/02,200,373
이엔에프테크놀로지,102710,2018/01/02,500,25200
이엔코퍼레이션,066980,2018/01/02,500,944
이엔플러스보통주,074610,2018/01/02,500,6300
이엘케이,094190,2018/01/02,500,902
이엘피,063760,2018/01/02,500,27550
이엠네트웍스,087730,2018/01/02,500,11400
이엠넷,123570,2018/01/02,500,4210
이엠앤아이,083470,2018/01/02,500,1440
이엠코리아,095190,2018/01/02,500,2810
이엠텍,091120,2018/01/02,500,17750
이연제약보통주,102460,2018/01/02,500,21450
이오테크닉스,039030,2018/01/02,500,105500
이원컴포텍,088290,2018/01/02,500,1830
이월드보통주,084680,2018/01/02,1000,1765
이즈미디어,181340,2018/01/02,500,5620
이지,037370,2018/01/02,1000,11250
이지홀딩스,035810,2018/01/02,500,6540
이큐셀,160600,2018/01/02,500,6800
이크레더블,092130,2018/01/02,500,14150
이트론,096040,2018/01/02,200,315
이퓨쳐,134060,2018/01/02,500,5960
이화공영,001840,2018/01/02,500,4695
이화산업보통주,000760,2018/01/02,5000,17700
이화전기공업,024810,2018/01/02,200,381
인디에프보통주,014990,2018/01/02,500,1145
인바디,041830,2018/01/02,500,40100
인바이오젠보통주,101140,2018/01/02,500,2650
인베니아,079950,2018/01/02,500,4350
인산가,277410,2018/01/02,100,2190
인선이엔티,060150,2018/01/02,500,7090
인성정보,033230,2018/01/02,500,4815
인스코비보통주,006490,2018/01/02,500,2400
인지디스플레이,037330,2018/01/02,500,1780
인지소프트,100030,2018/01/02,500,11500
인지컨트롤스보통주,023800,2018/01/02,500,6140
인천도시가스 보통주,034590,2018/01/02,5000,29800
인콘,083640,2018/01/02,500,6590
인크로스,216050,2018/01/02,500,22650
인탑스,049070,2018/01/02,500,10700
인터로조,119610,2018/01/02,500,38300
인터지스보통주,129260,2018/01/02,500,3040
인터파크,108790,2018/01/02,500,9420
인터플렉스,051370,2018/01/02,500,44750
인텍플러스,064290,2018/01/02,500,6100
인텔리안테크놀로지스,189300,2018/01/02,500,15250
인트로메딕,150840,2018/01/02,500,6830
인트론바이오테크놀로지,048530,2018/01/02,500,45200
인팩보통주,023810,2018/01/02,500,4540
인포마크,175140,2018/01/02,500,24000
인포바인,115310,2018/01/02,500,27800
인포뱅크,039290,2018/01/02,500,9390
인피니트헬스케어,071200,2018/01/02,500,8760
인화정공,101930,2018/01/02,500,4415
일동제약보통주,249420,2018/01/02,1000,22650
일동홀딩스보통주,000230,2018/01/02,1000,15200
일성건설보통주,013360,2018/01/02,500,1055
일성신약보통주,003120,2018/01/02,5000,133500
일신바이오베이스,068330,2018/01/02,100,2420
일신방직보통주,003200,2018/01/02,5000,109500
일신석재보통주,007110,2018/01/02,500,1285
일야,058450,2018/01/02,500,2710
일양약품보통주,007570,2018/01/02,2500,38850
일정실업보통주,008500,2018/01/02,5000,24350
일지테크,019540,2018/01/02,500,4770
일진다이아몬드 보통주,081000,2018/01/02,1000,20800
일진디스플레이보통주,020760,2018/01/02,500,7530
일진머티리얼즈보통주,020150,2018/01/02,500,38650
일진전기 보통주,103590,2018/01/02,1000,4515
일진파워,094820,2018/01/02,500,5130
일진홀딩스보통주,015860,2018/01/02,1000,5170
잇츠한불보통주,226320,2018/01/02,500,49000
잉글우드랩,950140,2018/01/02,0,6160
잉크테크,049550,2018/01/02,500,3805
자비스,254120,2018/01/02,100,1995
자안바이오,221610,2018/01/02,500,7890
자연과 환경,043910,2018/01/02,500,1710
자이글,234920,2018/01/02,500,6940
자화전자보통주,033240,2018/01/02,500,26250
장원테크,174880,2018/01/02,500,7690
재영솔루텍,049630,2018/01/02,500,2340
전방보통주,000950,2018/01/02,5000,19250
정다운,208140,2018/01/02,100,3580
정상제이엘에스,040420,2018/01/02,500,7450
정원엔시스,045510,2018/01/02,500,2120
제낙스,065620,2018/01/02,500,33900
제너셈,217190,2018/01/02,500,3295
제넥신,095700,2018/01/02,500,77500
제넨바이오,072520,2018/01/02,100,1215
제닉,123330,2018/01/02,500,12500
제로투세븐,159580,2018/01/02,500,5050
제룡산업,147830,2018/01/02,500,10200
제룡전기,033100,2018/01/02,500,6640
제우스,079370,2018/01/02,500,17300
제이더블유신약,067290,2018/01/02,500,8810
제이브이엠,054950,2018/01/02,500,56400
제이스코홀딩스,023440,2018/01/02,500,1115
제이스텍,090470,2018/01/02,500,17750
제이씨케미칼,137950,2018/01/02,500,4070
제이씨현시스템,033320,2018/01/02,500,9340
제이에스코퍼레이션보통주,194370,2018/01/02,100,12850
제이에스티나,026040,2018/01/02,500,6060
제이엔케이히터,126880,2018/01/02,500,3600
제이엠아이,033050,2018/01/02,1000,1090
제이엠티,094970,2018/01/02,500,6050
제이와이피엔터테인먼트,035900,2018/01/02,500,13350
제이웨이,058420,2018/01/02,500,2880
제이준코스메틱보통주,025620,2018/01/02,500,16200
제이콘텐트리,036420,2018/01/02,500,5780
제이티,089790,2018/01/02,500,2685
제일기획보통주,030000,2018/01/02,200,20500
제일바이오,052670,2018/01/02,500,4145
제일약품보통주,271980,2018/01/02,500,65100
제일연마공업보통주,001560,2018/01/02,500,5820
제일테크노스,038010,2018/01/02,500,3665
제일파마홀딩스보통주,002620,2018/01/02,500,36500
제주반도체,080220,2018/01/02,500,4410
제주은행보통주,006220,2018/01/02,5000,7040
제주항공보통주,089590,2018/01/02,5000,36800
젬백스&카엘,082270,2018/01/02,500,15350
젬백스링크,064800,2018/01/02,100,3435
조광아이엘아이,044060,2018/01/02,500,5080
조광페인트보통주,004910,2018/01/02,500,10150
조광피혁보통주,004700,2018/01/02,5000,40250
조비보통주,001550,2018/01/02,5000,11900
조선내화보통주,000480,2018/01/02,5000,86100
조선선재 보통주,120030,2018/01/02,500,82400
조아제약,034940,2018/01/02,500,4775
조이시티,067000,2018/01/02,500,13800
조일알미늄보통주,018470,2018/01/02,500,1160
조흥보통주,002600,2018/01/02,5000,278500
종근당바이오보통주,063160,2018/01/02,2500,21600
종근당보통주,185750,2018/01/02,2500,140500
종근당홀딩스보통주,001630,2018/01/02,2500,71900
좋은사람들,033340,2018/01/02,500,2105
주성엔지니어링,036930,2018/01/02,500,13650
주식회사 용평리조트,070960,2018/01/02,5000,10650
주식회사 제노포커스,187420,2018/01/02,500,21150
주식회사동남합성,023450,2018/01/02,5000,58900
주식회사케이씨씨,002380,2018/01/02,5000,382000
주연테크 보통주,044380,2018/01/02,100,541
줌인터넷,239340,2018/01/02,100,1985
중소기업은행보통주,024110,2018/01/02,5000,16400
중앙디앤엠,051980,2018/01/02,500,820
중앙백신연구소,072020,2018/01/02,500,17600
중앙에너비스,000440,2018/01/02,2500,28650
지나인제약,078650,2018/01/02,500,1520
지니뮤직,043610,2018/01/02,500,4850
지니언스,263860,2018/01/02,500,12450
지더블유바이텍,036180,2018/01/02,500,5070
지디,155960,2018/01/02,500,1745
지란지교시큐리티,208350,2018/01/02,100,2535
지스마트글로벌,114570,2018/01/02,500,13400
지씨셀,144510,2018/01/02,500,54800
지어소프트,051160,2018/01/02,500,2290
지에스글로벌보통주,001250,2018/01/02,2500,2850
지에스리테일보통주,007070,2018/01/02,1000,40700
지에스이,053050,2018/01/02,500,1670
지에스홈쇼핑,028150,2018/01/02,5000,215800
지에이치신소재,130500,2018/01/02,500,3610
지엔씨에너지,119850,2018/01/02,500,4130
지엔원에너지,270520,2018/01/02,100,2005
지엔코,065060,2018/01/02,500,2470
지엘팜텍,204840,2018/01/02,100,3815
지엠비코리아보통주,013870,2018/01/02,500,8490
지역난방공사보통주,071320,2018/01/02,5000,72500
지유온,111820,2018/01/02,500,5420
지투알보통주,035000,2018/01/02,1000,10100
진도 보통주,088790,2018/01/02,500,5320
진로발효,018120,2018/01/02,500,35300
진매트릭스,109820,2018/01/02,500,3580
진바이오텍,086060,2018/01/02,500,4850
진성티이씨,036890,2018/01/02,500,11450
진양산업보통주,003780,2018/01/02,500,2925
진양제약,007370,2018/01/02,500,4715
진양폴리우레탄보통주,010640,2018/01/02,500,1615
진양홀딩스보통주,100250,2018/01/02,500,2955
진양화학보통주,051630,2018/01/02,500,2305
진에어보통주,272450,2018/01/02,1000,27650
진원생명과학보통주,011000,2018/01/02,1000,6110
진흥기업보통주,002780,2018/01/02,500,1895
차바이오텍,085660,2018/01/02,500,29250
차이나그레이트스타인터내셔널리미티드,900040,2018/01/02,0.1,950
차이나크리스탈신소재홀딩스,900250,2018/01/02,0.5,2180
차이나하오란리사이클링유한공사,900090,2018/01/02,0,695
참엔지니어링보통주,009310,2018/01/02,500,2650
참존글로벌,158310,2018/01/02,500,7200
참좋은여행,094850,2018/01/02,500,11250
창해에탄올,004650,2018/01/02,500,17550
천일고속보통주,000650,2018/01/02,5000,93600
체리부로,066360,2018/01/02,500,3350
초록뱀미디어,047820,2018/01/02,500,1435
초록뱀이앤엠,131100,2018/01/02,500,1140
초록뱀컴퍼니,052300,2018/01/02,100,572
초록뱀헬스케어보통주,118000,2018/01/02,500,3765
칩스앤미디어,094360,2018/01/02,500,8510
카스,016920,2018/01/02,500,1550
카카오보통주,035720,2018/01/02,500,146500
카프로보통주,006380,2018/01/02,500,7530
캐스텍코리아,071850,2018/01/02,500,4255
캠시스,050110,2018/01/02,500,2745
커넥트웨이브,119860,2018/01/02,500,13700
커머스마이너,223310,2018/01/02,100,1085
컨버즈보통주,109070,2018/01/02,500,3790
컬러레이홀딩스,900310,2018/01/02,0,3185
컴투스,078340,2018/01/02,500,136500
컴투스홀딩스,063080,2018/01/02,500,92500
케스피온,079190,2018/01/02,500,3250
케어젠,214370,2018/01/02,500,88300
케이디켐,221980,2018/01/02,500,16000
케이만금세기차륜집단유한공사,900280,2018/01/02,0.2,3230
케이맥,043290,2018/01/02,500,13750
케이비아이동국실업보통주,001620,2018/01/02,500,1095
케이비아이메탈,024840,2018/01/02,500,2465
케이비제8호기업인수목적,222390,2018/01/02,100,2005
케이비제9호기업인수목적,232270,2018/01/02,100,1975
케이사인,192250,2018/01/02,100,1570
케이씨그린홀딩스보통주,009440,2018/01/02,500,5210
케이씨보통주,029460,2018/01/02,500,24100
케이씨씨건설,021320,2018/01/02,5000,8400
케이씨아이,036670,2018/01/02,500,8710
케이씨에스,115500,2018/01/02,500,4625
케이씨코트렐보통주,119650,2018/01/02,500,4845
케이씨텍보통주,281820,2018/01/02,500,20700
케이씨티,089150,2018/01/02,500,2810
케이씨피드,025880,2018/01/02,500,2180
케이아이엔엑스,093320,2018/01/02,500,13700
케이에스씨비,065940,2018/01/02,500,3710
케이에스에스 해운 보통주,044450,2018/01/02,500,9030
케이에스피,073010,2018/01/02,500,3760
케이에이치건설,226360,2018/01/02,100,1860
케이에이치바텍,060720,2018/01/02,500,15400
케이에이치전자,111870,2018/01/02,500,11150
케이엑스이노베이션,122450,2018/01/02,500,9530
케이엑스하이텍,052900,2018/01/02,500,1145
케이엔더블유,105330,2018/01/02,500,5830
케이엔엔,058400,2018/01/02,500,1010
케이엘넷,039420,2018/01/02,500,3005
케이엠,083550,2018/01/02,500,6270
케이엠더블유,032500,2018/01/02,500,26450
케이엠제약,225430,2018/01/02,100,1985
케이이씨 보통주,092220,2018/01/02,500,1330
케이지모빌리언스,046440,2018/01/02,500,8140
케이지이니시스,035600,2018/01/02,500,18400
케이지이티에스,151860,2018/01/02,500,4115
케이탑리츠보통주,145270,2018/01/02,1000,1005
케이티보통주,030200,2018/01/02,5000,30050
케이티서브마린,060370,2018/01/02,1000,4405
케이티스카이라이프,053210,2018/01/02,2500,13300
케이티씨에스보통주,058850,2018/01/02,500,2260
케이티아이에스보통주,058860,2018/01/02,500,3030
케이티알파,036030,2018/01/02,1000,6680
케이티앤지보통주,033780,2018/01/02,5000,115000
케이프,064820,2018/01/02,500,3090
케이피에스,256940,2018/01/02,500,14300
케이피에프,024880,2018/01/02,500,4870
케이피엑스라이프사이언스,114450,2018/01/02,500,4310
케이피엠테크,042040,2018/01/02,100,1680
케이피티유,054410,2018/01/02,500,6230
케일럼,258610,2018/01/02,500,6190
켐온,217600,2018/01/02,100,1530
켐트로닉스,089010,2018/01/02,500,6030
켐트로스,220260,2018/01/02,100,4400
코나아이,052400,2018/01/02,500,12350
코너스톤네트웍스,033110,2018/01/02,500,1870
코다코,046070,2018/01/02,500,2835
코데즈컴바인,047770,2018/01/02,500,2950
코드네이처,078940,2018/01/02,500,895
코디,080530,2018/01/02,500,1005
코렌텍,104540,2018/01/02,500,13000
코리아나화장품,027050,2018/01/02,500,7000
코리아써키트보통주,007810,2018/01/02,500,13200
코리아에프티,123410,2018/01/02,100,3630
코리아오토글라스보통주,152330,2018/01/02,5000,16600
코리안리재보험보통주,003690,2018/01/02,500,10950
코맥스,036690,2018/01/02,500,6960
코메론,049430,2018/01/02,500,9730
코미코,183300,2018/01/02,500,25400
코미팜,041960,2018/01/02,100,39050
코세스,089890,2018/01/02,500,5800
코센,009730,2018/01/02,500,1290
코스나인,082660,2018/01/02,500,776
코스맥스보통주,192820,2018/01/02,500,121500
코스맥스비티아이 주식회사 보통주,044820,2018/01/02,500,33400
코스맥스엔비티,222040,2018/01/02,500,22700
코스메카코리아,241710,2018/01/02,500,65700
코스모신소재보통주,005070,2018/01/02,5000,16750
코스모화학보통주,005420,2018/01/02,5000,29700
코스온,069110,2018/01/02,500,11450
코아스보통주,071950,2018/01/02,500,1310
코아스템켐온,166480,2018/01/02,500,14400
코아시아,045970,2018/01/02,500,5380
코아시아옵틱스,196450,2018/01/02,200,772
코엔텍,029960,2018/01/02,500,5210
코오롱글로벌보통주,003070,2018/01/02,5000,9800
코오롱머티리얼보통주,144620,2018/01/02,1000,3170
코오롱보통주,002020,2018/01/02,5000,61500
코오롱생명과학,102940,2018/01/02,500,108500
코오롱인더스트리보통주,120110,2018/01/02,5000,87000
코오롱티슈진,950160,2018/01/02,0,54300
코오롱플라스틱보통주,138490,2018/01/02,1000,7780
코원플레이,056000,2018/01/02,500,2815
코웨이보통주,021240,2018/01/02,500,97700
코웰패션,033290,2018/01/02,500,5300
코위버,056360,2018/01/02,500,8380
코이즈,121850,2018/01/02,500,4840
코콤,015710,2018/01/02,500,7930
코텍,052330,2018/01/02,500,16750
콜마비앤에이치,200130,2018/01/02,500,32800
콤텍시스템보통주,031820,2018/01/02,500,1210
쿠첸,225650,2018/01/02,500,8760
쿠쿠홀딩스보통주,192400,2018/01/02,500,165000
큐렉소,060280,2018/01/02,500,10150
큐로보통주,015590,2018/01/02,500,628
큐로컴,040350,2018/01/02,500,2900
큐로홀딩스,051780,2018/01/02,500,1075
큐리언트,115180,2018/01/02,500,31150
큐브엔터테인먼트,182360,2018/01/02,100,1950
큐에스아이,066310,2018/01/02,500,6270
큐캐피탈파트너스,016600,2018/01/02,500,965
크라운제과보통주,264900,2018/01/02,200,13950
크라운해태홀딩스보통주,005740,2018/01/02,500,15200
크레버스,096240,2018/01/02,500,15950
크로바하이텍,043590,2018/01/02,500,4855
크루셜텍,114120,2018/01/02,500,1535
크리스탈지노믹스,083790,2018/01/02,500,24800
크린앤사이언스,045520,2018/01/02,500,13900
클라우드에어,036170,2018/01/02,1000,3540
클래시스,214150,2018/01/02,100,3965
클리오,237880,2018/01/02,500,36450
키네마스터,139670,2018/01/02,500,3370
키다리스튜디오보통주,020120,2018/01/02,500,2720
키움 KOSEF 10년 국고채 레버리지 증권상장지수투자신탁[채권-파생형],167860,2018/01/02,0,119455
키움 KOSEF 200 선물 증권상장지수투자신탁[주식-파생형],152280,2018/01/02,0,14195
키움 KOSEF 200선물레버리지증권상장지수투자신탁(주식-파생형),253250,2018/01/02,0,16165
키움 KOSEF 200선물인버스2X증권상장지수투자신탁(주식-파생형),253230,2018/01/02,0,5765
키움 KOSEF 200선물인버스증권상장지수투자신탁(주식-파생형),253240,2018/01/02,0,7715
키움 KOSEF NIFTY50인디아증권상장지수투자신탁[주식-파생형](합성),200250,2018/01/02,0,12650
키움 KOSEF 단기자금 증권상장지수투자신탁[채권],130730,2018/01/02,0,100655
키움 KOSEF 미국달러선물 인버스 특별자산상장지수투자신탁[미국달러-파생형],139660,2018/01/02,0,11735
키움 KOSEF 미국달러선물 특별자산상장지수투자신탁[미국달러-파생형],138230,2018/01/02,0,10820
키움 KOSEF 미국달러선물레버리지 특별자산상장지수투자신탁[미국달러-파생형],225800,2018/01/02,0,7695
키움 KOSEF 미국달러선물인버스2X특별자산상장지수투자신탁(미국달러-파생형),230480,2018/01/02,0,11240
키움 KOSEF 배당바이백플러스증권상장지수투자신탁(주식),260200,2018/01/02,0,16230
키움 KOSEF 저PBR가중증권상장지수투자신탁(주식),260270,2018/01/02,0,15175
키움 KOSEF 통안채 상장지수증권투자신탁[채권],122260,2018/01/02,0,100575
키움 제4호 기업인수목적,226850,2018/01/02,100,1990
키움제3호기업인수목적,218710,2018/01/02,100,2015
키움증권보통주,039490,2018/01/02,5000,87600
키이스트,054780,2018/01/02,100,2310
타이거일렉,219130,2018/01/02,500,6280
탑엔지니어링,065130,2018/01/02,500,6840
탑코미디어,134580,2018/01/02,500,3865
태경비케이보통주,014580,2018/01/02,500,2775
태경산업보통주,015890,2018/01/02,500,5210
태경케미컬보통주,006890,2018/01/02,500,4515
태광,023160,2018/01/02,500,12300
태광산업보통주,003240,2018/01/02,5000,1351000
태림포장보통주,011280,2018/01/02,500,2515
태양,053620,2018/01/02,500,12000
태양금속공업보통주,004100,2018/01/02,500,1770
태영건설보통주,009410,2018/01/02,500,11000
태웅,044490,2018/01/02,500,19550
태원물산보통주,001420,2018/01/02,500,3495
태평양물산보통주,007980,2018/01/02,500,3495
테고사이언스,191420,2018/01/02,500,100800
테라사이언스,073640,2018/01/02,100,798
테라세미콘,123100,2018/01/02,500,27550
테라셈,182690,2018/01/02,500,2040
테라젠이텍스,066700,2018/01/02,500,11950
테스,095610,2018/01/02,500,37300
테이팩스보통주,055490,2018/01/02,500,31250
